[16896:14528:1004/171253.370:VERBOSE1:components\enterprise\browser\controller\chrome_browser_cloud_management_controller.cc:124] DM token = empty
[16896:14528:1004/171253.372:VERBOSE1:components\enterprise\browser\controller\chrome_browser_cloud_management_controller.cc:130] Enrollment token = 
[16896:14528:1004/171253.372:VERBOSE1:components\enterprise\browser\controller\chrome_browser_cloud_management_controller.cc:131] Client ID = ee7745bc-754a-44a1-b2fb-4fc8b53cf89f
[16896:14528:1004/171253.373:VERBOSE1:components\policy\core\common\policy_service_impl.cc:632] Taking initial snapshot of POLICY_DOMAIN_CHROME policies
[16896:14528:1004/171253.375:VERBOSE1:components\variations\service\variations_field_trial_creator.cc:84] VariationsSeedUsage:2
[16896:14528:1004/171253.375:VERBOSE1:components\variations\service\variations_field_trial_creator.cc:407] VariationsSetupComplete
[16896:14528:1004/171253.382:VERBOSE1:base\allocator\scheduler_loop_quarantine_config.cc:199] No entry found for browser/global.
[16896:14528:1004/171253.383:VERBOSE1:base\allocator\scheduler_loop_quarantine_config.cc:199] No entry found for browser/*.
[16896:14528:1004/171253.513:VERBOSE1:chrome\browser\media\webrtc\webrtc_event_log_manager.cc:126] WebRTC remote-bound event logging enabled.
[16896:14528:1004/171253.532:VERBOSE1:components\proxy_config\pref_proxy_config_tracker_impl.cc:510] 0x605c023d4000: set chrome proxy config service to 0x605c023694a0
[16896:14528:1004/171253.534:VERBOSE1:components\device_event_log\device_event_log_impl.cc:214] [17:12:53.535] Display: EVENT: screen_win.cc:1097 Displays updated, count: 1
[16896:14528:1004/171253.535:VERBOSE1:components\device_event_log\device_event_log_impl.cc:214] [17:12:53.535] Display: EVENT: screen_win.cc:1099 Display[2300000000] bounds=[0,0 800x600], workarea=[0,0 800x600], scale=1, rotation=0, panel_rotation=0 external detected
[16896:13608:1004/171253.552:VERBOSE1:components\component_updater\component_installer.cc:514] StartRegistration for Optimization Guide On DeviceModels Manifest
[16896:14528:1004/171253.553:VERBOSE1:components\enterprise\browser\controller\chrome_browser_cloud_management_controller.cc:213] Starting CBCM Controller Initialization
[16896:14528:1004/171253.553:INFO:components\enterprise\browser\controller\chrome_browser_cloud_management_controller.cc:241] No machine level policy manager exists.
[16896:14528:1004/171253.553:VERBOSE1:chrome\installer\util\install_util.cc:218] Existing Chrome version found: 154.0.8037.93
[16896:14528:1004/171253.555:VERBOSE1:chrome\browser\enterprise\platform_auth\platform_auth_policy_observer.cc:108] PlatformAuthProviderManager enabled: 0
[16896:14528:1004/171253.558:VERBOSE1:components\policy\core\common\cloud\user_cloud_policy_store.cc:146] [policy_type=google/chrome/user] Initiating immediate policy load from disk
[16896:14528:1004/171253.558:VERBOSE1:components\policy\core\common\cloud\user_cloud_policy_store.cc:249] [policy_type=google/chrome/user] No policy found on disk
[16896:14528:1004/171253.559:VERBOSE1:components\policy\core\common\cloud\user_cloud_policy_store.cc:146] [policy_type=google/extension-install-cloud-policy/chrome/user] Initiating immediate policy load from disk
[16896:14528:1004/171253.559:VERBOSE1:components\policy\core\common\cloud\user_cloud_policy_store.cc:249] [policy_type=google/extension-install-cloud-policy/chrome/user] No policy found on disk
[16896:14528:1004/171253.560:VERBOSE1:components\policy\core\common\policy_service_impl.cc:632] Taking initial snapshot of POLICY_DOMAIN_CHROME policies
[16896:14528:1004/171253.578:VERBOSE1:components\proxy_config\pref_proxy_config_tracker_impl.cc:510] 0x605c023d5a40: set chrome proxy config service to 0x605c0236a940
[16896:14528:1004/171253.579:VERBOSE1:components\signin\internal\identity_manager\mutable_profile_oauth2_token_service_delegate.cc:355] MutablePO2TS::MutablePO2TS
[16896:14528:1004/171253.581:VERBOSE1:google_apis\gaia\gaia_auth_util.cc:53] Canonicalized @gmail.com to @gmail.com
[16896:14528:1004/171253.581:VERBOSE1:google_apis\gaia\gaia_auth_util.cc:53] Canonicalized @gmail.com to @gmail.com
[16896:14528:1004/171253.581:VERBOSE1:components\signin\core\browser\account_reconcilor.cc:145] AccountReconcilor::AccountReconcilor
[16896:14528:1004/171253.581:VERBOSE1:components\signin\core\browser\account_reconcilor.cc:168] AccountReconcilor::Initialize
[16896:14528:1004/171253.581:VERBOSE1:components\signin\core\browser\account_reconcilor.cc:221] AccountReconcilor::RegisterWithContentSettings
[16896:14528:1004/171253.581:VERBOSE1:components\signin\core\browser\account_reconcilor.cc:244] AccountReconcilor::RegisterWithIdentityManager
[16896:14528:1004/171253.585:VERBOSE1:components\proxy_config\pref_proxy_config_tracker_impl.cc:510] 0x605c023d5e00: set chrome proxy config service to 0x605c0236c920
[16896:14528:1004/171253.587:VERBOSE1:chrome\browser\permissions\prediction_service\prediction_model_handler_provider_factory.cc:62] [PermissionsAI]: PredictionModelHandlerProviderFactory::BuildServiceInstanceForBrowserContext
[16896:14528:1004/171253.589:VERBOSE1:chrome\browser\permissions\prediction_service\prediction_model_handler_provider_factory.cc:99] [PermissionsAI]: PredictionModelHandlerProviderFactory::BuildServiceInstanceForBrowserContext PermissionsAIv4 not enabled, passage embedder not setup.
[16896:14528:1004/171253.591:VERBOSE1:chrome\browser\permissions\prediction_service\prediction_model_handler_provider.cc:55] [PermissionsAI] PredictionModelHandlerProvider ctor passage_embedder available: false
[16896:14528:1004/171253.593:VERBOSE1:chrome\browser\permissions\prediction_service\prediction_model_handler_provider.cc:58] [PermissionsAI] PredictionModelHandlerProvider ctor optimization_guide available: true
[16896:14528:1004/171253.594:VERBOSE1:components\signin\internal\identity_manager\mutable_profile_oauth2_token_service_delegate.cc:461] MutablePO2TS::RefreshTokenIsAvailable
[16896:14528:1004/171253.595:VERBOSE1:components\signin\internal\identity_manager\mutable_profile_oauth2_token_service_delegate.cc:461] MutablePO2TS::RefreshTokenIsAvailable
[16896:4408:1004/171253.591:VERBOSE1:net\disk_cache\simple\simple_index_file.cc:625] Simple Cache Index is being restored from disk.
[16896:14528:1004/171253.597:VERBOSE1:components\signin\internal\identity_manager\mutable_profile_oauth2_token_service_delegate.cc:461] MutablePO2TS::RefreshTokenIsAvailable
[16896:14528:1004/171253.598:VERBOSE1:components\actor\core\aggregated_journal.cc:145] [ActorTool]: GlicActorPolicyChecker::ComputeActOnWebCapability: outcome=kNo reasons=kAccountCapabilityIneligible 
[16896:4488:1004/171253.598:VERBOSE1:net\disk_cache\simple\simple_index_file.cc:625] Simple Cache Index is being restored from disk.
[16896:14528:1004/171253.599:VERBOSE1:components\signin\internal\identity_manager\mutable_profile_oauth2_token_service_delegate.cc:461] MutablePO2TS::RefreshTokenIsAvailable
[16896:14528:1004/171253.606:VERBOSE1:components\actor\core\aggregated_journal.cc:145] [ActorTool]: GlicActorPolicyChecker::ComputeActOnWebCapability: outcome=kNo reasons=kAccountCapabilityIneligible 
[16896:14528:1004/171253.606:VERBOSE1:components\signin\internal\identity_manager\mutable_profile_oauth2_token_service_delegate.cc:461] MutablePO2TS::RefreshTokenIsAvailable
[16896:14528:1004/171253.608:VERBOSE1:components\signin\internal\identity_manager\mutable_profile_oauth2_token_service_delegate.cc:461] MutablePO2TS::RefreshTokenIsAvailable
[16896:14528:1004/171253.608:VERBOSE1:components\signin\internal\identity_manager\mutable_profile_oauth2_token_service_delegate.cc:461] MutablePO2TS::RefreshTokenIsAvailable
[16896:14528:1004/171253.608:VERBOSE1:components\signin\internal\identity_manager\mutable_profile_oauth2_token_service_delegate.cc:461] MutablePO2TS::RefreshTokenIsAvailable
[16896:14528:1004/171253.608:VERBOSE1:components\signin\internal\identity_manager\mutable_profile_oauth2_token_service_delegate.cc:461] MutablePO2TS::RefreshTokenIsAvailable
[16896:14528:1004/171253.612:VERBOSE1:components\signin\internal\identity_manager\mutable_profile_oauth2_token_service_delegate.cc:461] MutablePO2TS::RefreshTokenIsAvailable
[16896:14528:1004/171253.614:VERBOSE1:components\signin\internal\identity_manager\mutable_profile_oauth2_token_service_delegate.cc:461] MutablePO2TS::RefreshTokenIsAvailable
[16896:14528:1004/171253.614:VERBOSE1:components\signin\internal\identity_manager\mutable_profile_oauth2_token_service_delegate.cc:461] MutablePO2TS::RefreshTokenIsAvailable
[16896:14528:1004/171253.614:VERBOSE1:components\signin\internal\identity_manager\mutable_profile_oauth2_token_service_delegate.cc:461] MutablePO2TS::RefreshTokenIsAvailable
[16896:14528:1004/171253.616:VERBOSE1:components\signin\internal\identity_manager\mutable_profile_oauth2_token_service_delegate.cc:461] MutablePO2TS::RefreshTokenIsAvailable
[16896:14528:1004/171253.619:VERBOSE1:extensions\browser\extension_registrar.cc:573] AddComponentExtension Chrome PDF Viewer
[16896:14528:1004/171253.622:VERBOSE1:extensions\browser\extension_registrar.cc:575] Component extension Chrome PDF Viewer (mhjfbmdgcfjbbpaeojofohoefgiehjai) installing/upgrading from '' to 1
[16896:14528:1004/171253.624:VERBOSE1:extensions\browser\extension_registrar.cc:573] AddComponentExtension Google Hangouts
[16896:14528:1004/171253.625:VERBOSE1:extensions\browser\extension_registrar.cc:575] Component extension Google Hangouts (nkeimhogjdpnpccoofpliimaahmaaome) installing/upgrading from '' to 1.3.26
[16896:14528:1004/171253.628:VERBOSE1:extensions\browser\extension_registrar.cc:573] AddComponentExtension Google Network Speech
[16896:14528:1004/171253.630:VERBOSE1:extensions\browser\extension_registrar.cc:575] Component extension Google Network Speech (fignfifoniblkonapihmkfakmlgkbkcf) installing/upgrading from '' to 1.0
[16896:14528:1004/171253.631:VERBOSE1:components\signin\internal\identity_manager\mutable_profile_oauth2_token_service_delegate.cc:461] MutablePO2TS::RefreshTokenIsAvailable
[16896:14528:1004/171253.632:VERBOSE1:components\signin\internal\identity_manager\mutable_profile_oauth2_token_service_delegate.cc:461] MutablePO2TS::RefreshTokenIsAvailable
[16896:14528:1004/171253.632:VERBOSE1:components\signin\internal\identity_manager\mutable_profile_oauth2_token_service_delegate.cc:461] MutablePO2TS::RefreshTokenIsAvailable
[16896:14528:1004/171253.633:VERBOSE1:components\component_updater\installer_policies\on_device_head_suggest_component_installer.cc:59] On Device Head Component will fetch model for locale: ZHCN500000
[16896:14968:1004/171253.633:VERBOSE1:components\component_updater\component_installer.cc:514] StartRegistration for Chrome Improved Recovery
[16896:13608:1004/171253.634:VERBOSE1:components\component_updater\component_installer.cc:514] StartRegistration for Widevine Content Decryption Module
[16896:14528:1004/171253.634:VERBOSE1:chrome\browser\component_updater\trust_token_key_commitments_component_installer.cc:22] Registering Trust Token Key Commitments component.
[16896:16068:1004/171253.635:VERBOSE1:components\component_updater\component_installer.cc:514] StartRegistration for Subresource Filter Rules
[16896:13608:1004/171253.635:VERBOSE1:components\component_updater\component_installer.cc:333] Preinstalled component found for Widevine Content Decryption Module at C:\Program Files\Google\Chrome\Application\154.0.8037.93\WidevineCdm with version 4.10.3112.0.
[16896:14968:1004/171253.635:VERBOSE1:components\component_updater\component_installer.cc:514] StartRegistration for OnDeviceHeadSuggest
[16896:15568:1004/171253.636:VERBOSE1:components\component_updater\component_installer.cc:514] StartRegistration for Optimization Hints
[16896:4488:1004/171253.636:VERBOSE1:components\component_updater\component_installer.cc:514] StartRegistration for Trust Token Key Commitments
[16896:14528:1004/171253.636:VERBOSE1:chrome\browser\component_updater\first_party_sets_component_installer.cc:40] Registering Related Website Sets component.
[16896:14528:1004/171253.646:VERBOSE1:chrome\browser\component_updater\privacy_sandbox_attestations_component_installer.cc:181] Registering Privacy Sandbox Attestations component
[16896:14528:1004/171253.649:VERBOSE1:components\component_updater\installer_policies\actor_safety_lists_component_installer.cc:140] Registering Actor Safety Lists Component.
[16896:13608:1004/171253.649:VERBOSE1:components\component_updater\component_installer.cc:514] StartRegistration for Privacy Sandbox Attestations
[16896:17352:1004/171253.649:VERBOSE1:components\component_updater\component_installer.cc:514] StartRegistration for Actor Safety Lists
[16896:14528:1004/171253.649:VERBOSE1:chrome\browser\component_updater\file_type_policies_component_installer.cc:126] Registering File Type Policies component.
[16896:15904:1004/171253.650:VERBOSE1:components\component_updater\component_installer.cc:514] StartRegistration for Certificate Error Assistant
[16896:13608:1004/171253.650:VERBOSE1:components\component_updater\component_installer.cc:333] Preinstalled component found for Privacy Sandbox Attestations at C:\Program Files\Google\Chrome\Application\154.0.8037.93\PrivacySandboxAttestationsPreloaded with version 2025.7.18.0.
[16896:14968:1004/171253.650:VERBOSE1:components\component_updater\component_installer.cc:514] StartRegistration for File Type Policies
[16896:17036:1004/171253.650:VERBOSE1:components\component_updater\component_installer.cc:514] StartRegistration for CRLSet
[16896:4408:1004/171253.650:VERBOSE1:components\component_updater\component_installer.cc:514] StartRegistration for Origin Trials
[16896:16068:1004/171253.650:VERBOSE1:components\component_updater\component_installer.cc:514] StartRegistration for MEI Preload
[16896:14528:1004/171253.650:VERBOSE1:chrome\browser\component_updater\hyphenation_component_installer.cc:153] Registering Hyphenation component.
[16896:17352:1004/171253.650:VERBOSE1:components\component_updater\component_installer.cc:514] StartRegistration for PKI Metadata
[16896:4488:1004/171253.650:VERBOSE1:components\component_updater\component_installer.cc:514] StartRegistration for Safety Tips
[16896:15568:1004/171253.650:VERBOSE1:components\component_updater\component_installer.cc:514] StartRegistration for Crowd Deny
[16896:16068:1004/171253.658:VERBOSE1:components\component_updater\component_installer.cc:333] Preinstalled component found for MEI Preload at C:\Program Files\Google\Chrome\Application\154.0.8037.93\MEIPreload with version 1.0.7.1652906823.
[16896:12248:1004/171253.660:VERBOSE1:components\component_updater\component_installer.cc:514] StartRegistration for Hyphenation
[16896:13608:1004/171253.660:VERBOSE1:components\component_updater\component_installer.cc:514] StartRegistration for Zxcvbn Data Dictionaries
[16896:14528:1004/171253.660:VERBOSE1:chrome\browser\component_updater\translate_kit_component_installer.cc:211] Registering TranslateKit component.
[16896:17044:1004/171253.665:VERBOSE1:extensions\browser\content_verifier\content_verifier.cc:939] OnFetchComplete mhjfbmdgcfjbbpaeojofohoefgiehjai success:0
[16896:14528:1004/171253.669:VERBOSE1:chrome\browser\component_updater\wasm_tts_engine_component_installer.cc:292] Registering WASM TTS Engine component.
[16896:12248:1004/171253.669:VERBOSE1:components\component_updater\component_installer.cc:514] StartRegistration for Amount Extraction Heuristic Regexes
[16896:17044:1004/171253.669:VERBOSE1:extensions\browser\content_verifier\content_verifier.cc:939] OnFetchComplete nkeimhogjdpnpccoofpliimaahmaaome success:0
[16896:13608:1004/171253.671:VERBOSE1:components\component_updater\component_installer.cc:514] StartRegistration for WASM TTS Engine
[16896:14528:1004/171253.671:VERBOSE1:chrome\browser\component_updater\captcha_provider_component_installer.cc:174] Registering Captcha Provider component.
[16896:7728:1004/171253.672:VERBOSE1:components\signin\public\webdata\token_service_table.cc:259] Loaded tokens: result = 3 ; number of tokens loaded = 0
[16896:17044:1004/171253.672:VERBOSE1:extensions\browser\content_verifier\content_verifier.cc:939] OnFetchComplete fignfifoniblkonapihmkfakmlgkbkcf success:0
[16896:12248:1004/171253.674:VERBOSE1:components\component_updater\component_installer.cc:514] StartRegistration for Captcha Providers
[16896:14528:1004/171253.674:VERBOSE1:chrome\browser\profiles\profile_manager.cc:1401] AddKeepAlive(Default, kOffTheRecordProfile). keep_alives=[kWaitingForFirstBrowserWindow (1), kOffTheRecordProfile (1)]
[16896:14528:1004/171253.676:VERBOSE1:chrome\browser\permissions\prediction_service\prediction_model_handler_provider_factory.cc:62] [PermissionsAI]: PredictionModelHandlerProviderFactory::BuildServiceInstanceForBrowserContext
[16896:14528:1004/171253.676:VERBOSE1:chrome\browser\permissions\prediction_service\prediction_model_handler_provider_factory.cc:99] [PermissionsAI]: PredictionModelHandlerProviderFactory::BuildServiceInstanceForBrowserContext PermissionsAIv4 not enabled, passage embedder not setup.
[16896:14528:1004/171253.676:VERBOSE1:chrome\browser\permissions\prediction_service\prediction_model_handler_provider.cc:55] [PermissionsAI] PredictionModelHandlerProvider ctor passage_embedder available: false
[16896:14528:1004/171253.676:VERBOSE1:chrome\browser\permissions\prediction_service\prediction_model_handler_provider.cc:58] [PermissionsAI] PredictionModelHandlerProvider ctor optimization_guide available: true
[16896:14528:1004/171253.678:VERBOSE1:components\proxy_config\pref_proxy_config_tracker_impl.cc:510] 0x605c023d6d00: set chrome proxy config service to 0x605c02371240
[16896:14528:1004/171253.739:VERBOSE1:chrome\browser\enterprise\data_protection\data_protection_navigation_observer.cc:239] enterprise.data_protection: same document navigation: 0
[16896:14528:1004/171253.740:VERBOSE1:chrome\browser\enterprise\data_protection\data_protection_navigation_observer.cc:241] enterprise.data_protection: URL to scan: file:///D:/my-homepage/products/hair-strengthening-shampoo/index.html
[16896:14528:1004/171253.748:VERBOSE1:chrome\browser\ui\views\omnibox\omnibox_popup_closer.cc:73] Closing omnibox popup with reason: kRevertAll
[16896:14528:1004/171253.761:VERBOSE1:components\component_updater\component_installer.cc:585] FinishRegistration for Optimization Guide On DeviceModels Manifest
[16896:14528:1004/171253.761:VERBOSE1:components\component_updater\component_updater_service.cc:177] CrxUpdateService starting up. First update attempt will take place in 60 s seconds. Next update attempt will take place in 18000 s seconds. 
[16896:14528:1004/171253.775:VERBOSE1:chrome\browser\profiles\profile_manager.cc:1401] AddKeepAlive(Default, kExtensionUpdater). keep_alives=[kWaitingForFirstBrowserWindow (1), kOffTheRecordProfile (1), kExtensionUpdater (1)]
[16896:14528:1004/171253.775:VERBOSE1:chrome\browser\profiles\profile_manager.cc:1401] AddKeepAlive(Default, kExtensionUpdater). keep_alives=[kWaitingForFirstBrowserWindow (1), kOffTheRecordProfile (1), kExtensionUpdater (2)]
[16896:14528:1004/171253.776:VERBOSE1:components\component_updater\component_installer.cc:585] FinishRegistration for Chrome Improved Recovery
[16896:14528:1004/171253.776:VERBOSE1:components\component_updater\component_installer.cc:585] FinishRegistration for Widevine Content Decryption Module
[16896:14528:1004/171253.776:VERBOSE1:components\component_updater\component_installer.cc:623] Component ready, version 4.10.3112.0 in C:\Program Files\Google\Chrome\Application\154.0.8037.93\WidevineCdm
[16896:14528:1004/171253.776:VERBOSE1:components\component_updater\component_installer.cc:585] FinishRegistration for OnDeviceHeadSuggest
[16896:14528:1004/171253.776:VERBOSE1:components\component_updater\component_installer.cc:585] FinishRegistration for Subresource Filter Rules
[16896:14528:1004/171253.777:VERBOSE1:components\component_updater\component_installer.cc:585] FinishRegistration for Optimization Hints
[16896:14528:1004/171253.777:VERBOSE1:components\component_updater\component_installer.cc:585] FinishRegistration for Trust Token Key Commitments
[16896:14528:1004/171253.777:VERBOSE1:components\component_updater\component_installer.cc:585] FinishRegistration for Actor Safety Lists
[16896:14528:1004/171253.777:VERBOSE1:components\component_updater\component_installer.cc:585] FinishRegistration for Certificate Error Assistant
[16896:14528:1004/171253.777:VERBOSE1:chrome\browser\local_discovery\service_discovery_device_lister.cc:36] DeviceListerStart: service_type: _googlecast._tcp.local
[16896:14528:1004/171253.777:VERBOSE1:chrome\browser\local_discovery\service_discovery_device_lister.cc:42] DiscoverNewDevices: service_type: _googlecast._tcp.local
[16896:14528:1004/171253.777:VERBOSE1:components\component_updater\component_installer.cc:585] FinishRegistration for Privacy Sandbox Attestations
[16896:14528:1004/171253.778:VERBOSE1:components\component_updater\component_installer.cc:623] Component ready, version 2025.7.18.0 in C:\Program Files\Google\Chrome\Application\154.0.8037.93\PrivacySandboxAttestationsPreloaded
[16896:14528:1004/171253.778:VERBOSE1:chrome\browser\component_updater\privacy_sandbox_attestations_component_installer.cc:112] Privacy Sandbox Attestations Component ready, version 2025.7.18.0 in C:\Program Files\Google\Chrome\Application\154.0.8037.93\PrivacySandboxAttestationsPreloaded
[16896:14528:1004/171253.778:VERBOSE1:chrome\browser\component_updater\privacy_sandbox_attestations_component_installer.cc:188] Received privacy sandbox attestations file
[16896:14528:1004/171253.778:VERBOSE1:components\component_updater\component_installer.cc:585] FinishRegistration for File Type Policies
[16896:14528:1004/171253.778:VERBOSE1:components\component_updater\component_installer.cc:585] FinishRegistration for CRLSet
[16896:14528:1004/171253.778:VERBOSE1:components\component_updater\component_installer.cc:585] FinishRegistration for Origin Trials
[16896:14528:1004/171253.781:VERBOSE1:components\component_updater\component_installer.cc:585] FinishRegistration for PKI Metadata
[16896:14528:1004/171253.782:VERBOSE1:components\component_updater\component_installer.cc:585] FinishRegistration for Safety Tips
[16896:14528:1004/171253.782:VERBOSE1:components\component_updater\component_installer.cc:585] FinishRegistration for Crowd Deny
[16896:14528:1004/171253.782:VERBOSE1:components\component_updater\component_installer.cc:585] FinishRegistration for MEI Preload
[16896:14528:1004/171253.782:VERBOSE1:components\component_updater\component_installer.cc:623] Component ready, version 1.0.7.1652906823 in C:\Program Files\Google\Chrome\Application\154.0.8037.93\MEIPreload
[16896:14528:1004/171253.782:VERBOSE1:components\component_updater\component_installer.cc:585] FinishRegistration for Hyphenation
[16896:14528:1004/171253.782:VERBOSE1:components\component_updater\component_installer.cc:585] FinishRegistration for Zxcvbn Data Dictionaries
[16896:14528:1004/171253.783:VERBOSE1:components\component_updater\component_installer.cc:585] FinishRegistration for Amount Extraction Heuristic Regexes
[16896:14528:1004/171253.783:VERBOSE1:components\signin\internal\identity_manager\mutable_profile_oauth2_token_service_delegate.cc:660] MutablePO2TS::OnWebDataServiceRequestDone. Result type: 6
[16896:14528:1004/171253.783:VERBOSE1:components\signin\internal\identity_manager\mutable_profile_oauth2_token_service_delegate.cc:722] MutablePO2TS::LoadAllCredentialsIntoMemory; 0 credential(s).
[16896:14528:1004/171253.783:VERBOSE1:components\signin\internal\identity_manager\mutable_profile_oauth2_token_service_delegate.cc:461] MutablePO2TS::RefreshTokenIsAvailable
[16896:14528:1004/171253.783:VERBOSE1:google_apis\gaia\gaia_auth_util.cc:53] Canonicalized @gmail.com to @gmail.com
[16896:14528:1004/171253.783:VERBOSE1:google_apis\gaia\gaia_auth_util.cc:53] Canonicalized @gmail.com to @gmail.com
[16896:14528:1004/171253.785:VERBOSE1:components\signin\internal\identity_manager\mutable_profile_oauth2_token_service_delegate.cc:461] MutablePO2TS::RefreshTokenIsAvailable
[16896:14528:1004/171253.785:VERBOSE1:components\signin\internal\identity_manager\mutable_profile_oauth2_token_service_delegate.cc:461] MutablePO2TS::RefreshTokenIsAvailable
[16896:14528:1004/171253.785:VERBOSE1:components\signin\internal\identity_manager\mutable_profile_oauth2_token_service_delegate.cc:461] MutablePO2TS::RefreshTokenIsAvailable
[16896:14528:1004/171253.785:VERBOSE1:components\signin\internal\identity_manager\mutable_profile_oauth2_token_service_delegate.cc:461] MutablePO2TS::RefreshTokenIsAvailable
[16896:14528:1004/171253.785:VERBOSE1:components\signin\internal\identity_manager\mutable_profile_oauth2_token_service_delegate.cc:461] MutablePO2TS::RefreshTokenIsAvailable
[16896:14528:1004/171253.785:VERBOSE1:components\signin\internal\identity_manager\mutable_profile_oauth2_token_service_delegate.cc:461] MutablePO2TS::RefreshTokenIsAvailable
[16896:14528:1004/171253.785:VERBOSE1:components\signin\internal\identity_manager\mutable_profile_oauth2_token_service_delegate.cc:461] MutablePO2TS::RefreshTokenIsAvailable
[16896:14528:1004/171253.785:VERBOSE1:components\signin\internal\identity_manager\mutable_profile_oauth2_token_service_delegate.cc:461] MutablePO2TS::RefreshTokenIsAvailable
[16896:14528:1004/171253.786:VERBOSE1:components\signin\internal\identity_manager\mutable_profile_oauth2_token_service_delegate.cc:461] MutablePO2TS::RefreshTokenIsAvailable
[16896:14528:1004/171253.786:VERBOSE1:components\signin\internal\identity_manager\mutable_profile_oauth2_token_service_delegate.cc:461] MutablePO2TS::RefreshTokenIsAvailable
[16896:14528:1004/171253.789:VERBOSE1:components\signin\internal\identity_manager\mutable_profile_oauth2_token_service_delegate.cc:461] MutablePO2TS::RefreshTokenIsAvailable
[16896:14528:1004/171253.790:VERBOSE1:components\signin\internal\identity_manager\mutable_profile_oauth2_token_service_delegate.cc:461] MutablePO2TS::RefreshTokenIsAvailable
[16896:14528:1004/171253.790:VERBOSE1:components\signin\internal\identity_manager\mutable_profile_oauth2_token_service_delegate.cc:461] MutablePO2TS::RefreshTokenIsAvailable
[16896:14528:1004/171253.792:VERBOSE1:components\signin\internal\identity_manager\mutable_profile_oauth2_token_service_delegate.cc:461] MutablePO2TS::RefreshTokenIsAvailable
[16896:14528:1004/171253.792:VERBOSE1:components\signin\core\browser\account_reconcilor.cc:309] AccountReconcilor::OnEndBatchOfRefreshTokenStateChanges. Reconcilor state: 1
[16896:14528:1004/171253.793:VERBOSE1:components\component_updater\component_installer.cc:585] FinishRegistration for WASM TTS Engine
[16896:14528:1004/171253.795:VERBOSE1:components\component_updater\component_installer.cc:585] FinishRegistration for Captcha Providers
[16896:17544:1004/171253.802:VERBOSE1:content\browser\loader\file_url_loader_factory.cc:477] FileURLLoader::Start: file:///D:/my-homepage/products/hair-strengthening-shampoo/index.html
[16896:14528:1004/171253.811:VERBOSE1:components\signin\internal\identity_manager\mutable_profile_oauth2_token_service_delegate.cc:461] MutablePO2TS::RefreshTokenIsAvailable
[16896:14528:1004/171253.813:VERBOSE1:chrome\browser\component_updater\widevine_cdm_component_installer.cc:93] Registering Widevine CDM 4.10.3112.0 with Chrome
[16896:14528:1004/171253.814:VERBOSE1:components\privacy_sandbox\privacy_sandbox_attestations\privacy_sandbox_attestations.cc:444] Parsed Privacy Sandbox Attestation list version: 2025.7.18.0
[16896:14528:1004/171253.814:VERBOSE1:components\privacy_sandbox\privacy_sandbox_attestations\privacy_sandbox_attestations.cc:446] Number of attestation entries: 263
[16896:14528:1004/171253.815:VERBOSE1:components\signin\internal\identity_manager\mutable_profile_oauth2_token_service_delegate.cc:461] MutablePO2TS::RefreshTokenIsAvailable
[16896:14528:1004/171253.822:VERBOSE1:chrome\browser\web_applications\locks\partitioned_lock_manager.cc:262] Acquiring <PartitionedLockId>{id: 0x31, partition: 0} for ScheduleAllFixes@chrome\browser\web_applications\generated_icon_fix_manager.cc:79
[16896:14528:1004/171253.823:VERBOSE1:chrome\browser\web_applications\locks\partitioned_lock_manager.cc:243] All locks acquired for ScheduleAllFixes@chrome\browser\web_applications\generated_icon_fix_manager.cc:79
[16896:14528:1004/171253.829:VERBOSE1:chrome\browser\web_applications\locks\partitioned_lock_manager.cc:286] Releasing <PartitionedLockId>{id: 0x31, partition: 0} requested by ScheduleAllFixes@chrome\browser\web_applications\generated_icon_fix_manager.cc:79
[16896:14528:1004/171253.829:VERBOSE1:chrome\browser\web_applications\locks\partitioned_lock_manager.cc:318] Acquiring <PartitionedLockId>{id: 0x31, partition: 0} for OnSyncBridgeReady@chrome\browser\web_applications\web_app_provider.cc:566
[16896:14528:1004/171253.829:VERBOSE1:chrome\browser\web_applications\locks\partitioned_lock_manager.cc:243] All locks acquired for OnSyncBridgeReady@chrome\browser\web_applications\web_app_provider.cc:566
[16896:14528:1004/171253.832:VERBOSE1:chrome\browser\web_applications\locks\partitioned_lock_manager.cc:286] Releasing <PartitionedLockId>{id: 0x31, partition: 0} requested by OnSyncBridgeReady@chrome\browser\web_applications\web_app_provider.cc:566
[16896:14528:1004/171253.855:VERBOSE1:components\signin\internal\identity_manager\mutable_profile_oauth2_token_service_delegate.cc:461] MutablePO2TS::RefreshTokenIsAvailable
[16896:14528:1004/171253.871:VERBOSE1:components\segmentation_platform\internal\signals\signal_filter_processor.cc:61] Segmentation platform started observing Session.TotalDuration
[16896:14528:1004/171253.871:VERBOSE1:components\segmentation_platform\internal\signals\signal_filter_processor.cc:61] Segmentation platform started observing Commerce.PriceDrops.ActiveTabNavigationComplete.IsProductDetailPage
[16896:14528:1004/171253.872:VERBOSE1:components\segmentation_platform\internal\signals\signal_filter_processor.cc:54] Segmentation platform started observing Autofill_PolledCreditCardSuggestions
[16896:14528:1004/171253.872:VERBOSE1:components\segmentation_platform\internal\signals\signal_filter_processor.cc:61] Segmentation platform started observing IOS.ParcelTracking.Tracked.AutoTrack
[16896:14528:1004/171253.872:VERBOSE1:components\segmentation_platform\internal\signals\signal_filter_processor.cc:61] Segmentation platform started observing Omnibox.SuggestionUsed.ClientSummarizedResultType
[16896:14528:1004/171253.872:VERBOSE1:components\segmentation_platform\internal\signals\signal_filter_processor.cc:54] Segmentation platform started observing MetadataWriter
[16896:14528:1004/171253.872:VERBOSE1:components\segmentation_platform\internal\signals\signal_filter_processor.cc:61] Segmentation platform started observing Sync.DeviceCount2
[16896:14528:1004/171253.872:VERBOSE1:components\segmentation_platform\internal\signals\signal_filter_processor.cc:61] Segmentation platform started observing Sync.DeviceCount2.Phone
[16896:14528:1004/171253.872:VERBOSE1:components\segmentation_platform\internal\signals\signal_filter_processor.cc:61] Segmentation platform started observing Sync.DeviceCount2.Desktop
[16896:14528:1004/171253.872:VERBOSE1:components\segmentation_platform\internal\signals\signal_filter_processor.cc:61] Segmentation platform started observing Sync.DeviceCount2.Tablet
[16896:14528:1004/171253.872:VERBOSE1:components\segmentation_platform\internal\signals\signal_filter_processor.cc:54] Segmentation platform started observing MobileBookmarkManagerOpen
[16896:14528:1004/171253.873:VERBOSE1:components\segmentation_platform\internal\signals\signal_filter_processor.cc:54] Segmentation platform started observing NewTabPage.MostVisited.Clicked
[16896:14528:1004/171253.873:VERBOSE1:components\segmentation_platform\internal\signals\signal_filter_processor.cc:54] Segmentation platform started observing TabGroup.Created.OpenInNewTab
[16896:14528:1004/171253.873:VERBOSE1:components\segmentation_platform\internal\signals\signal_filter_processor.cc:54] Segmentation platform started observing Android.HistoryPage.OpenItem
[16896:14528:1004/171253.873:VERBOSE1:components\segmentation_platform\internal\signals\signal_filter_processor.cc:54] Segmentation platform started observing MobileMenuRecentTabs
[16896:14528:1004/171253.873:VERBOSE1:components\segmentation_platform\internal\signals\signal_filter_processor.cc:61] Segmentation platform started observing PasswordManager.ManagePasswordsReferrer
[16896:14528:1004/171253.873:VERBOSE1:components\segmentation_platform\internal\signals\signal_filter_processor.cc:61] Segmentation platform started observing PasswordManager.ProfileStore.TotalAccountsHiRes3.WithScheme.Https
[16896:14528:1004/171253.873:VERBOSE1:components\segmentation_platform\internal\signals\signal_filter_processor.cc:61] Segmentation platform started observing PasswordManager.FillingAssistance
[16896:14528:1004/171253.873:VERBOSE1:components\segmentation_platform\internal\signals\signal_filter_processor.cc:61] Segmentation platform started observing PasswordManager.SavedPasswordIsGenerated
[16896:14528:1004/171253.874:VERBOSE1:components\segmentation_platform\internal\signals\signal_filter_processor.cc:61] Segmentation platform started observing PasswordManager.SaveUIDismissalReason
[16896:14528:1004/171253.874:VERBOSE1:components\segmentation_platform\internal\signals\signal_filter_processor.cc:61] Segmentation platform started observing PasswordManager.SaveUIDismissalReason
[16896:14528:1004/171253.874:VERBOSE1:components\segmentation_platform\internal\signals\signal_filter_processor.cc:61] Segmentation platform started observing IOS.CredentialExtension.IsEnabled.Startup
[16896:14528:1004/171253.874:VERBOSE1:components\segmentation_platform\internal\signals\signal_filter_processor.cc:61] Segmentation platform started observing Session.TotalDuration
[16896:12248:1004/171253.953:VERBOSE1:content\browser\loader\file_url_loader_factory.cc:477] FileURLLoader::Start: file:///D:/my-homepage/wp-content/uploads/blocksy/css/global.css
[16896:12248:1004/171254.000:VERBOSE1:content\browser\loader\file_url_loader_factory.cc:477] FileURLLoader::Start: file:///D:/my-homepage/wp-content/plugins/fluentform/assets/css/fluent-forms-elementor-widget.css
[16896:13608:1004/171254.019:VERBOSE1:net\disk_cache\simple\simple_index_file.cc:625] Simple Cache Index is being restored from disk.
[16896:12248:1004/171254.024:VERBOSE1:content\browser\loader\file_url_loader_factory.cc:477] FileURLLoader::Start: file:///D:/my-homepage/wp-content/plugins/wp-media-folder/assets/css/display-gallery/magnific-popup.css
[16896:12248:1004/171254.073:VERBOSE1:content\browser\loader\file_url_loader_factory.cc:477] FileURLLoader::Start: file:///D:/my-homepage/wp-content/themes/blocksy/style.css
[16896:12248:1004/171254.078:VERBOSE1:content\browser\loader\file_url_loader_factory.cc:477] FileURLLoader::Start: file:///D:/my-homepage/wp-content/themes/blocksy/static/bundle/main.min.css
[16896:14528:1004/171254.078:VERBOSE1:components\segmentation_platform\internal\selection\segment_result_provider.cc:136] GetSegmentResult: segment=OPTIMIZATION_TARGET_SEGMENTATION_DEVICE_SWITCHER ignoring DB score, executing model.
[16896:14528:1004/171254.079:VERBOSE1:components\segmentation_platform\internal\selection\segment_result_provider.cc:277] ExecuteModelAndGetScore: segment=OPTIMIZATION_TARGET_SEGMENTATION_DEVICE_SWITCHER server segment info not available
[16896:14528:1004/171254.079:VERBOSE1:components\segmentation_platform\internal\selection\segment_result_provider.cc:210] OnGotModelScore: segment=OPTIMIZATION_TARGET_SEGMENTATION_DEVICE_SWITCHER failed to get database model score, trying default model.
[16896:12248:1004/171254.080:VERBOSE1:content\browser\loader\file_url_loader_factory.cc:477] FileURLLoader::Start: file:///D:/my-homepage/wp-content/themes/blocksy/static/bundle/page-title.min.css
[16896:12248:1004/171254.081:VERBOSE1:content\browser\loader\file_url_loader_factory.cc:477] FileURLLoader::Start: file:///D:/my-homepage/wp-content/themes/blocksy/static/bundle/elementor-frontend.min.css
[16896:12248:1004/171254.085:VERBOSE1:content\browser\loader\file_url_loader_factory.cc:477] FileURLLoader::Start: file:///D:/my-homepage/wp-content/plugins/elementor/assets/css/frontend.min.css
[16896:12248:1004/171254.098:VERBOSE1:content\browser\loader\file_url_loader_factory.cc:477] FileURLLoader::Start: file:///D:/my-homepage/wp-content/plugins/elementor/assets/css/widget-heading.min.css
[16896:12248:1004/171254.108:VERBOSE1:content\browser\loader\file_url_loader_factory.cc:477] FileURLLoader::Start: file:///D:/my-homepage/wp-content/plugins/elementor-pro/assets/css/conditionals/popup.min.css
[16896:12248:1004/171254.122:VERBOSE1:content\browser\loader\file_url_loader_factory.cc:477] FileURLLoader::Start: file:///D:/my-homepage/wp-content/uploads/elementor/css/post-13.css
[16896:12248:1004/171254.124:VERBOSE1:content\browser\loader\file_url_loader_factory.cc:477] FileURLLoader::Start: file:///D:/my-homepage/wp-content/uploads/elementor/css/post-76.css
[16896:12248:1004/171254.130:VERBOSE1:content\browser\loader\file_url_loader_factory.cc:477] FileURLLoader::Start: file:///D:/my-homepage/wp-content/plugins/elementor/assets/lib/swiper/v8/css/swiper.min.css
[16896:12248:1004/171254.131:VERBOSE1:content\browser\loader\file_url_loader_factory.cc:477] FileURLLoader::Start: file:///D:/my-homepage/wp-content/plugins/elementor/assets/css/conditionals/e-swiper.min.css
[16896:12248:1004/171254.133:VERBOSE1:content\browser\loader\file_url_loader_factory.cc:477] FileURLLoader::Start: file:///D:/my-homepage/wp-content/plugins/elementor/assets/css/widget-image-carousel.min.css
[16896:12248:1004/171254.136:VERBOSE1:content\browser\loader\file_url_loader_factory.cc:477] FileURLLoader::Start: file:///D:/my-homepage/wp-content/plugins/elementor/assets/css/widget-icon-list.min.css
[16896:12248:1004/171254.139:VERBOSE1:content\browser\loader\file_url_loader_factory.cc:477] FileURLLoader::Start: file:///D:/my-homepage/wp-content/plugins/elementor/assets/css/widget-divider.min.css
[16896:12248:1004/171254.140:VERBOSE1:content\browser\loader\file_url_loader_factory.cc:477] FileURLLoader::Start: file:///D:/my-homepage/wp-content/plugins/elementor/assets/css/widget-image-box.min.css
[16896:12248:1004/171254.144:VERBOSE1:content\browser\loader\file_url_loader_factory.cc:477] FileURLLoader::Start: file:///D:/my-homepage/wp-content/plugins/elementor/assets/css/widget-icon-box.min.css
[16896:12248:1004/171254.146:VERBOSE1:content\browser\loader\file_url_loader_factory.cc:477] FileURLLoader::Start: file:///D:/my-homepage/wp-content/uploads/elementor/css/post-4542.css
[16896:12248:1004/171254.147:VERBOSE1:content\browser\loader\file_url_loader_factory.cc:477] FileURLLoader::Start: file:///D:/my-homepage/wp-content/uploads/elementor/css/base-desktop.css
[16896:12248:1004/171254.149:VERBOSE1:content\browser\loader\file_url_loader_factory.cc:477] FileURLLoader::Start: file:///D:/my-homepage/wp-content/uploads/elementor/css/base-mobile.css
[16896:12248:1004/171254.153:VERBOSE1:content\browser\loader\file_url_loader_factory.cc:477] FileURLLoader::Start: file:///D:/my-homepage/wp-includes/js/jquery/jquery.min.js
[16896:12248:1004/171254.156:VERBOSE1:content\browser\loader\file_url_loader_factory.cc:477] FileURLLoader::Start: file:///D:/my-homepage/wp-includes/js/jquery/jquery-migrate.min.js
[16896:12248:1004/171254.163:VERBOSE1:content\browser\loader\file_url_loader_factory.cc:477] FileURLLoader::Start: file:///D:/my-homepage/local-fixes.css
[16896:12248:1004/171254.167:VERBOSE1:content\browser\loader\file_url_loader_factory.cc:477] FileURLLoader::Start: file:///D:/my-homepage/wp-content/uploads/2025/12/logo.svg
[16896:12248:1004/171254.170:VERBOSE1:content\browser\loader\file_url_loader_factory.cc:477] FileURLLoader::Start: file:///D:/my-homepage/wp-content/uploads/2025/12/logo-light.svg
[16896:12248:1004/171254.174:VERBOSE1:content\browser\loader\file_url_loader_factory.cc:477] FileURLLoader::Start: file:///D:/my-homepage/wp-content/uploads/2026/04/hair-strengthening-shampoo-1.webp
[16896:12248:1004/171254.178:VERBOSE1:content\browser\loader\file_url_loader_factory.cc:477] FileURLLoader::Start: file:///D:/my-homepage/wp-content/uploads/2026/04/hair-strengthening-shampoo-2.webp
[16896:12248:1004/171254.180:VERBOSE1:content\browser\loader\file_url_loader_factory.cc:477] FileURLLoader::Start: file:///D:/my-homepage/wp-content/uploads/2026/04/hair-strengthening-shampoo-3.webp
[16896:12248:1004/171254.181:VERBOSE1:content\browser\loader\file_url_loader_factory.cc:477] FileURLLoader::Start: file:///D:/my-homepage/wp-content/uploads/2026/04/hair-strengthening-shampoo-4.webp
[16896:12248:1004/171254.183:VERBOSE1:content\browser\loader\file_url_loader_factory.cc:477] FileURLLoader::Start: file:///D:/my-homepage/wp-content/uploads/2026/04/hair-strengthening-shampoo-5.webp
[16896:12248:1004/171254.184:VERBOSE1:content\browser\loader\file_url_loader_factory.cc:477] FileURLLoader::Start: file:///D:/my-homepage/wp-content/uploads/2026/04/hair-strengthening-shampoo-6.webp
[16896:12248:1004/171254.186:VERBOSE1:content\browser\loader\file_url_loader_factory.cc:477] FileURLLoader::Start: file:///D:/my-homepage/wp-content/uploads/2026/04/hair-strengthening-shampoo-7.webp
[16896:12248:1004/171254.187:VERBOSE1:content\browser\loader\file_url_loader_factory.cc:477] FileURLLoader::Start: file:///D:/my-homepage/wp-content/uploads/2026/04/hair-strengthening-shampoo-8.webp
[16896:12248:1004/171254.189:VERBOSE1:content\browser\loader\file_url_loader_factory.cc:477] FileURLLoader::Start: file:///D:/my-homepage/wp-content/uploads/2026/04/hair-strengthening-shampoo-9.webp
[16896:12248:1004/171254.191:VERBOSE1:content\browser\loader\file_url_loader_factory.cc:477] FileURLLoader::Start: file:///D:/my-homepage/wp-content/uploads/2025/12/factory-768x461.webp
[16896:12248:1004/171254.194:VERBOSE1:content\browser\loader\file_url_loader_factory.cc:477] FileURLLoader::Start: file:///D:/my-homepage/wp-content/plugins/unlimited-elements-for-elementor-premium/assets_libraries/font-awesome6/fontawesome-all.min.css
[16896:12248:1004/171254.196:VERBOSE1:content\browser\loader\file_url_loader_factory.cc:477] FileURLLoader::Start: file:///D:/my-homepage/wp-content/plugins/unlimited-elements-for-elementor-premium/assets_libraries/font-awesome6/fontawesome-v4-shims.min.css
[16896:12248:1004/171254.198:VERBOSE1:content\browser\loader\file_url_loader_factory.cc:477] FileURLLoader::Start: file:///D:/my-homepage/wp-content/uploads/2025/12/WhatsApp.svg
[16896:12248:1004/171254.199:VERBOSE1:content\browser\loader\file_url_loader_factory.cc:477] FileURLLoader::Start: file:///D:/my-homepage/wp-content/plugins/fluentform/assets/css/fluent-forms-public.css
[16896:12248:1004/171254.202:VERBOSE1:content\browser\loader\file_url_loader_factory.cc:477] FileURLLoader::Start: file:///D:/my-homepage/wp-content/plugins/fluentform/assets/css/fluentform-public-default.css
[16896:12248:1004/171254.205:VERBOSE1:content\browser\loader\file_url_loader_factory.cc:477] FileURLLoader::Start: file:///D:/my-homepage/wp-content/plugins/fluentform/assets/js/fluent-forms-elementor-widget.js
[16896:12248:1004/171254.218:VERBOSE1:content\browser\loader\file_url_loader_factory.cc:477] FileURLLoader::Start: file:///D:/my-homepage/wp-includes/js/imagesloaded.min.js
[16896:12248:1004/171254.220:VERBOSE1:content\browser\loader\file_url_loader_factory.cc:477] FileURLLoader::Start: file:///D:/my-homepage/wp-includes/js/masonry.min.js
[16896:12248:1004/171254.222:VERBOSE1:content\browser\loader\file_url_loader_factory.cc:477] FileURLLoader::Start: file:///D:/my-homepage/wp-includes/js/jquery/jquery.masonry.min.js
[16896:12248:1004/171254.226:VERBOSE1:content\browser\loader\file_url_loader_factory.cc:477] FileURLLoader::Start: file:///D:/my-homepage/wp-content/themes/blocksy/static/bundle/main.js
[16896:12248:1004/171254.228:VERBOSE1:content\browser\loader\file_url_loader_factory.cc:477] FileURLLoader::Start: file:///D:/my-homepage/wp-content/plugins/elementor/assets/js/webpack.runtime.min.js
[16896:12248:1004/171254.230:VERBOSE1:content\browser\loader\file_url_loader_factory.cc:477] FileURLLoader::Start: file:///D:/my-homepage/wp-content/plugins/elementor/assets/js/frontend-modules.min.js
[16896:12248:1004/171254.231:VERBOSE1:content\browser\loader\file_url_loader_factory.cc:477] FileURLLoader::Start: file:///D:/my-homepage/wp-includes/js/jquery/ui/core.min.js
[16896:12248:1004/171254.233:VERBOSE1:content\browser\loader\file_url_loader_factory.cc:477] FileURLLoader::Start: file:///D:/my-homepage/wp-content/plugins/elementor/assets/js/frontend.min.js
[16896:12248:1004/171254.234:VERBOSE1:content\browser\loader\file_url_loader_factory.cc:477] FileURLLoader::Start: file:///D:/my-homepage/wp-content/plugins/elementor/assets/lib/swiper/v8/swiper.min.js
[16896:12248:1004/171254.236:VERBOSE1:content\browser\loader\file_url_loader_factory.cc:477] FileURLLoader::Start: file:///D:/my-homepage/wp-content/plugins/creame-whatsapp-me/public/js/joinchat.min.js
[16896:12248:1004/171254.239:VERBOSE1:content\browser\loader\file_url_loader_factory.cc:477] FileURLLoader::Start: file:///D:/my-homepage/wp-content/plugins/blocksy-companion-pro/framework/extensions/cookies-consent/static/bundle/main.js
[16896:12248:1004/171254.241:VERBOSE1:content\browser\loader\file_url_loader_factory.cc:477] FileURLLoader::Start: file:///D:/my-homepage/wp-content/plugins/fluentform/assets/js/form-submission.js
[16896:12248:1004/171254.253:VERBOSE1:content\browser\loader\file_url_loader_factory.cc:477] FileURLLoader::Start: file:///D:/my-homepage/wp-includes/js/dist/hooks.min.js
[16896:12248:1004/171254.256:VERBOSE1:content\browser\loader\file_url_loader_factory.cc:477] FileURLLoader::Start: file:///D:/my-homepage/wp-includes/js/dist/i18n.min.js
[16896:12248:1004/171254.260:VERBOSE1:content\browser\loader\file_url_loader_factory.cc:477] FileURLLoader::Start: file:///D:/my-homepage/wp-content/plugins/elementor-pro/assets/js/frontend.min.js
[16896:12248:1004/171254.263:VERBOSE1:content\browser\loader\file_url_loader_factory.cc:477] FileURLLoader::Start: file:///D:/my-homepage/wp-content/plugins/elementor-pro/assets/js/elements-handlers.min.js
[16896:12248:1004/171254.265:VERBOSE1:content\browser\loader\file_url_loader_factory.cc:477] FileURLLoader::Start: file:///D:/my-homepage/wp-content/plugins/creame-whatsapp-me/public/css/joinchat.min.css
[16896:12248:1004/171254.267:VERBOSE1:content\browser\loader\file_url_loader_factory.cc:477] FileURLLoader::Start: file:///D:/my-homepage/local-fixes.js
[16896:14528:1004/171254.269:VERBOSE1:components\update_client\request_sender.cc:338] Request completed from url: https://update.googleapis.com/service/update2/json?cup2key=16:d1iX5-0GUpwspFm1VQfiCwS9rwp-Z8JqHbPR4ElddL0&cup2hreq=5ab77c76f4d8b987be7833a69d81f1913e399e7fd0d7e94369891c5c2e0b4d98
[16896:14528:1004/171254.412:INFO:CONSOLE:2] "JQMIGRATE: Migrate is installed, version 3.4.1", source: file:///D:/my-homepage/wp-includes/js/jquery/jquery-migrate.min.js (2)
[16896:14528:1004/171254.482:VERBOSE1:components\update_client\url_fetcher_downloader.cc:167] url fetcher response started for: http://dl.google.com/diffgen-puffin/ceofaddefefcbblgcgnibnonglccbfja/fbdd96f424c67bd94b857b415c88a5711d0711f4d7a62d733ee650e5afe87766
[16896:14528:1004/171254.656:VERBOSE1:extensions\browser\install_signer.cc:349] Sending request: {"hash":"MNNj8Abjm/a4QbvC/EUGFh34XpNUxS7GPR5uYF8faDU=","ids":["ncennffkjdiamlpmcbajkmaiiiddgioo"],"protocol_version":1}
[16896:14528:1004/171254.657:VERBOSE1:chrome\browser\profiles\profile_manager.cc:1462] RemoveKeepAlive(Default, kExtensionUpdater). keep_alives=[kWaitingForFirstBrowserWindow (1), kOffTheRecordProfile (1), kExtensionUpdater (1)]
[16896:12248:1004/171254.685:VERBOSE1:content\browser\loader\file_url_loader_factory.cc:477] FileURLLoader::Start: file:///D:/my-homepage/wp-content/themes/blocksy/static/bundle/907.1ddadcf80aca9cb11200.js
[16896:13608:1004/171254.688:VERBOSE1:content\browser\loader\file_url_loader_factory.cc:477] FileURLLoader::Start: file:///D:/my-homepage/wp-content/themes/blocksy/static/bundle/641.41d6784859f93ced2969.js
[16896:12248:1004/171254.716:VERBOSE1:content\browser\loader\file_url_loader_factory.cc:477] FileURLLoader::Start: file:///D:/my-homepage/wp-content/plugins/elementor/assets/lib/dialog/dialog.min.js?ver=4.9.3
[16896:12248:1004/171254.717:VERBOSE1:content\browser\loader\file_url_loader_factory.cc:477] FileURLLoader::Start: file:///D:/my-homepage/wp-content/plugins/elementor/assets/js/chunks/lightbox-lightbox.min.js?ver=4.3.2
[16896:12248:1004/171254.717:VERBOSE1:content\browser\loader\file_url_loader_factory.cc:477] FileURLLoader::Start: file:///D:/my-homepage/wp-content/plugins/elementor/assets/css/conditionals/dialog.min.css?ver=4.3.2
[16896:12248:1004/171254.718:VERBOSE1:content\browser\loader\file_url_loader_factory.cc:477] FileURLLoader::Start: file:///D:/my-homepage/wp-content/plugins/elementor/assets/lib/share-link/share-link.min.js?ver=4.3.2
[16896:12248:1004/171254.718:VERBOSE1:content\browser\loader\file_url_loader_factory.cc:477] FileURLLoader::Start: file:///D:/my-homepage/wp-content/plugins/elementor/assets/lib/swiper/v8/css/swiper.min.css?ver=8.4.5
[16896:12248:1004/171254.719:VERBOSE1:content\browser\loader\file_url_loader_factory.cc:477] FileURLLoader::Start: file:///D:/my-homepage/wp-content/plugins/elementor/assets/css/conditionals/lightbox.min.css?ver=4.3.2
[16896:12248:1004/171254.723:VERBOSE1:content\browser\loader\file_url_loader_factory.cc:477] FileURLLoader::Start: file:///D:/my-homepage/wp-content/plugins/blocksy-companion-pro/framework/extensions/cookies-consent/static/bundle/main.min.css
[16896:12248:1004/171254.753:VERBOSE1:content\browser\loader\file_url_loader_factory.cc:477] FileURLLoader::Start: file:///D:/my-homepage/wp-content/plugins/blocksy-companion-pro/static/bundle/sticky.js?ver=2.1.57
[16896:12248:1004/171254.755:VERBOSE1:content\browser\loader\file_url_loader_factory.cc:477] FileURLLoader::Start: file:///D:/my-homepage/wp-content/plugins/elementor/assets/js/chunks/background-slideshow.min.js?ver=4.3.2
[16896:12248:1004/171254.757:VERBOSE1:content\browser\loader\file_url_loader_factory.cc:477] FileURLLoader::Start: file:///D:/my-homepage/wp-content/plugins/elementor/assets/js/chunks/background-video.min.js?ver=4.3.2
[16896:12248:1004/171254.763:VERBOSE1:content\browser\loader\file_url_loader_factory.cc:477] FileURLLoader::Start: file:///D:/my-homepage/wp-content/plugins/elementor/assets/js/chunks/image-carousel.min.js?ver=4.3.2
[16896:12248:1004/171254.765:VERBOSE1:content\browser\loader\file_url_loader_factory.cc:477] FileURLLoader::Start: file:///D:/my-homepage/wp-content/plugins/elementor/assets/js/chunks/text-editor.min.js?ver=4.3.2
[16896:14528:1004/171254.792:INFO:CONSOLE:6] "Uncaught (in promise) ChunkLoadError: Loading chunk 907 failed.
(error: file:///D:/my-homepage/wp-content/themes/blocksy/static/bundle/907.1ddadcf80aca9cb11200.js)", source: file:///D:/my-homepage/wp-content/themes/blocksy/static/bundle/main.js (6)
[16896:14528:1004/171254.794:INFO:CONSOLE:6] "Uncaught (in promise) ChunkLoadError: Loading chunk 641 failed.
(error: file:///D:/my-homepage/wp-content/themes/blocksy/static/bundle/641.41d6784859f93ced2969.js)", source: file:///D:/my-homepage/wp-content/themes/blocksy/static/bundle/main.js (6)
[16896:14528:1004/171255.479:INFO:CONSOLE:2] "While navigator.cookieEnabled does return true for this file:// URL, this is done for web compatability reasons. Cookies will not actually be stored for file:// URLs. If you want this to change please leave feedback on crbug.com/378604901.", source: https://scripts.clarity.ms/0.8.72-beta/clarity.js (2)
[16896:12248:1004/171255.511:VERBOSE1:content\browser\loader\file_url_loader_factory.cc:477] FileURLLoader::Start: file:///D:/my-homepage/wp-content/uploads/2025/12/cropped-favicon-32x32.webp
[16896:17044:1004/171256.775:VERBOSE1:base\allocator\scheduler_loop_quarantine_config.cc:199] No entry found for browser/io.
[16896:14528:1004/171256.775:VERBOSE1:components\enterprise\browser\reporting\saas_usage\saas_usage_report_scheduler.cc:108] Scheduling next browser SaaS usage report at 1601-01-01 04:00:00.000000 UTC
[16896:14528:1004/171256.776:VERBOSE1:components\enterprise\browser\reporting\saas_usage\saas_usage_report_scheduler.cc:74] No domain metrics aggregated - skipping browser report upload.
[16896:14528:1004/171256.776:VERBOSE1:components\enterprise\browser\reporting\saas_usage\saas_usage_report_scheduler.cc:108] Scheduling next browser SaaS usage report at 2026-10-04 13:12:56.777093 UTC
[16896:11928:1004/171256.776:VERBOSE1:chrome\installer\util\install_util.cc:218] Existing Chrome version found: 154.0.8037.93
[16896:11928:1004/171256.777:VERBOSE1:chrome\installer\util\install_util.cc:242] No existing Chrome install found.
[16896:14528:1004/171256.778:VERBOSE1:chrome\browser\web_applications\locks\partitioned_lock_manager.cc:262] Acquiring <PartitionedLockId>{id: 0x31, partition: 0} for SynchronizeInstalledApps@chrome\browser\web_applications\externally_managed_app_manager.cc:186
[16896:14528:1004/171256.779:VERBOSE1:chrome\browser\web_applications\locks\partitioned_lock_manager.cc:243] All locks acquired for SynchronizeInstalledApps@chrome\browser\web_applications\externally_managed_app_manager.cc:186
[16896:14528:1004/171256.779:VERBOSE1:chrome\browser\web_applications\locks\partitioned_lock_manager.cc:286] Releasing <PartitionedLockId>{id: 0x31, partition: 0} requested by SynchronizeInstalledApps@chrome\browser\web_applications\externally_managed_app_manager.cc:186
[16896:11928:1004/171256.795:VERBOSE1:components\component_updater\component_installer.cc:514] StartRegistration for Related Website Sets
[16896:14528:1004/171256.796:VERBOSE1:components\device_event_log\device_event_log_impl.cc:214] [17:12:56.797] USB: USER: usb_service_win.cc:663 USB device added: path=\\?\usb#vid_24ae&pid_4063#5&1727e313&0&7#{a5dcbf10-6530-11d2-901f-00c04fb951ed} vendor=9390 "RAPOO", product=16483 "RGB Backlit Mechanical Gaming Keyboard", serial="", driver="usbccgp", guid=02fa242a-32d0-401a-9031-07544fdaa52e
[16896:14528:1004/171256.797:VERBOSE1:components\device_event_log\device_event_log_impl.cc:214] [17:12:56.798] USB: USER: usb_service_win.cc:663 USB device added: path=\\?\usb#vid_046d&pid_c332#0c8b36573934#{a5dcbf10-6530-11d2-901f-00c04fb951ed} vendor=1133 "Logitech", product=49970 "Gaming Mouse G502", serial="0C8B36573934", driver="usbccgp", guid=9e6210d1-1260-4648-a341-2ab648c43bb3
[16896:14528:1004/171256.797:VERBOSE1:components\device_event_log\device_event_log_impl.cc:214] [17:12:56.798] USB: USER: usb_service_win.cc:663 USB device added: path=\\?\usb#vid_2357&pid_014b#20220103#{a5dcbf10-6530-11d2-901f-00c04fb951ed} vendor=9047 "AICSemi", product=331 "AIC 8800D80", serial="20220103", driver="aicusbwifi", guid=c3c683b9-2e55-44eb-a3a2-34ed1f021d8e
[16896:14528:1004/171256.799:VERBOSE1:components\component_updater\component_installer.cc:585] FinishRegistration for Related Website Sets
[16896:14528:1004/171256.799:VERBOSE1:chrome\browser\component_updater\first_party_sets_component_installer.cc:45] Received Related Website Sets
[16896:17044:1004/171256.956:VERBOSE1:net\dns\mdns_client_impl.cc:204] Sockets ready:2
[16896:14528:1004/171256.979:VERBOSE1:chrome\browser\web_applications\locks\partitioned_lock_manager.cc:262] Acquiring <PartitionedLockId>{id: 0x31, partition: 0} for SynchronizeInstalledApps@chrome\browser\web_applications\externally_managed_app_manager.cc:186
[16896:14528:1004/171256.979:VERBOSE1:chrome\browser\web_applications\locks\partitioned_lock_manager.cc:243] All locks acquired for SynchronizeInstalledApps@chrome\browser\web_applications\externally_managed_app_manager.cc:186
[16896:14528:1004/171256.980:VERBOSE1:chrome\browser\web_applications\locks\partitioned_lock_manager.cc:286] Releasing <PartitionedLockId>{id: 0x31, partition: 0} requested by SynchronizeInstalledApps@chrome\browser\web_applications\externally_managed_app_manager.cc:186
[16896:14528:1004/171256.980:VERBOSE1:chrome\browser\web_applications\locks\partitioned_lock_manager.cc:262] Acquiring <PartitionedLockId>{id: 0x31, partition: 0} for MaybeStartNext@chrome\browser\web_applications\externally_managed_app_manager.cc:271
[16896:14528:1004/171256.980:VERBOSE1:chrome\browser\web_applications\locks\partitioned_lock_manager.cc:243] All locks acquired for MaybeStartNext@chrome\browser\web_applications\externally_managed_app_manager.cc:271
[16896:14528:1004/171256.981:VERBOSE1:chrome\browser\web_applications\locks\partitioned_lock_manager.cc:262] Acquiring <PartitionedLockId>{id: 0x30, partition: 0} for StartInstallationTask@chrome\browser\web_applications\externally_managed_app_manager.cc:411
[16896:14528:1004/171256.981:VERBOSE1:chrome\browser\web_applications\locks\partitioned_lock_manager.cc:243] All locks acquired for StartInstallationTask@chrome\browser\web_applications\externally_managed_app_manager.cc:411
[16896:14528:1004/171256.981:VERBOSE1:chrome\browser\web_applications\locks\partitioned_lock_manager.cc:286] Releasing <PartitionedLockId>{id: 0x31, partition: 0} requested by MaybeStartNext@chrome\browser\web_applications\externally_managed_app_manager.cc:271
[16896:14528:1004/171256.996:VERBOSE1:components\update_client\url_fetcher_downloader.cc:141] Downloaded 14028 bytes in 2720ms from http://dl.google.com/diffgen-puffin/ceofaddefefcbblgcgnibnonglccbfja/fbdd96f424c67bd94b857b415c88a5711d0711f4d7a62d733ee650e5afe87766 to C:\Users\LYJ\AppData\Local\Temp\chrome_chrome_url_fetcher_16896_1737102448\fbdd96f424c67bd94b857b415c88a5711d0711f4d7a62d733ee650e5afe87766
[16896:13608:1004/171257.035:VERBOSE1:components\update_client\unpacker.cc:88] Verifying component: C:\Users\LYJ\AppData\Local\Temp\HeadlessChrome1689621144687\component_crx_cache\8a5c6c3d5753cb9984d99eceb845575d988a522e5ab117d1e3e5a5b568becdc2
[16896:13608:1004/171257.038:VERBOSE1:components\update_client\unpacker.cc:123] Unpacking in: C:\Users\LYJ\AppData\Local\Temp\chrome_chrome_Unpacker_BeginUnzipping16896_870570458
[16896:12248:1004/171257.080:VERBOSE1:components\component_updater\component_installer.cc:179] Install: version=1.20260927.2 current version=0.0.0.0
[16896:12248:1004/171257.080:VERBOSE1:components\component_updater\component_installer.cc:198] unpack_path=C:\Users\LYJ\AppData\Local\Temp\chrome_chrome_Unpacker_BeginUnzipping16896_870570458 install_path=C:\Users\LYJ\AppData\Local\Temp\HeadlessChrome1689621144687\OptimizationGuideModelsManifest\1.20260927.2
[16896:14528:1004/171257.081:VERBOSE1:components\component_updater\component_installer.cc:623] Component ready, version 1.20260927.2 in C:\Users\LYJ\AppData\Local\Temp\HeadlessChrome1689621144687\OptimizationGuideModelsManifest\1.20260927.2
[16896:14528:1004/171257.107:VERBOSE1:chrome\browser\web_applications\locks\partitioned_lock_manager.cc:262] Acquiring <PartitionedLockId>{id: 0x31, partition: 0} for InstallFromInfo@chrome\browser\web_applications\commands\external_app_resolution_command.cc:799
[16896:14528:1004/171257.107:VERBOSE1:chrome\browser\web_applications\locks\partitioned_lock_manager.cc:262] Acquiring <PartitionedLockId>{id: 0x666d676a6a6d6d6d6c666e6b6270706e636162666b6464626a696d63666e636d, partition: 1} for InstallFromInfo@chrome\browser\web_applications\commands\external_app_resolution_command.cc:799
[16896:14528:1004/171257.107:VERBOSE1:chrome\browser\web_applications\locks\partitioned_lock_manager.cc:243] All locks acquired for InstallFromInfo@chrome\browser\web_applications\commands\external_app_resolution_command.cc:799
[16896:14528:1004/171257.150:VERBOSE1:chrome\browser\profiles\profile_manager.cc:1401] AddKeepAlive(Default, kWebAppUpdate). keep_alives=[kWaitingForFirstBrowserWindow (1), kOffTheRecordProfile (1), kExtensionUpdater (1), kWebAppUpdate (1)]
[16896:14528:1004/171257.151:VERBOSE1:chrome\browser\web_applications\locks\partitioned_lock_manager.cc:286] Releasing <PartitionedLockId>{id: 0x666d676a6a6d6d6d6c666e6b6270706e636162666b6464626a696d63666e636d, partition: 1} requested by InstallFromInfo@chrome\browser\web_applications\commands\external_app_resolution_command.cc:799
[16896:14528:1004/171257.151:VERBOSE1:chrome\browser\web_applications\locks\partitioned_lock_manager.cc:286] Releasing <PartitionedLockId>{id: 0x31, partition: 0} requested by InstallFromInfo@chrome\browser\web_applications\commands\external_app_resolution_command.cc:799
[16896:14528:1004/171257.151:VERBOSE1:chrome\browser\web_applications\locks\partitioned_lock_manager.cc:318] Acquiring <PartitionedLockId>{id: 0x31, partition: 0} for AdjustAppStateBeforeCommit@chrome\browser\web_applications\jobs\finalize_install_or_update_job.cc:743
[16896:14528:1004/171257.151:VERBOSE1:chrome\browser\web_applications\locks\partitioned_lock_manager.cc:243] All locks acquired for AdjustAppStateBeforeCommit@chrome\browser\web_applications\jobs\finalize_install_or_update_job.cc:743
[16896:14528:1004/171257.151:VERBOSE1:chrome\browser\web_applications\locks\partitioned_lock_manager.cc:286] Releasing <PartitionedLockId>{id: 0x30, partition: 0} requested by StartInstallationTask@chrome\browser\web_applications\externally_managed_app_manager.cc:411
[16896:14528:1004/171257.151:VERBOSE1:chrome\browser\profiles\profile_manager.cc:1462] RemoveKeepAlive(Default, kWebAppUpdate). keep_alives=[kWaitingForFirstBrowserWindow (1), kOffTheRecordProfile (1), kExtensionUpdater (1)]
[16896:14528:1004/171257.151:VERBOSE1:chrome\browser\web_applications\locks\partitioned_lock_manager.cc:286] Releasing <PartitionedLockId>{id: 0x31, partition: 0} requested by AdjustAppStateBeforeCommit@chrome\browser\web_applications\jobs\finalize_install_or_update_job.cc:743
[16896:14528:1004/171257.153:VERBOSE1:chrome\browser\web_applications\locks\partitioned_lock_manager.cc:262] Acquiring <PartitionedLockId>{id: 0x31, partition: 0} for MaybeStartNext@chrome\browser\web_applications\externally_managed_app_manager.cc:271
[16896:14528:1004/171257.153:VERBOSE1:chrome\browser\web_applications\locks\partitioned_lock_manager.cc:243] All locks acquired for MaybeStartNext@chrome\browser\web_applications\externally_managed_app_manager.cc:271
[16896:14528:1004/171257.153:VERBOSE1:chrome\browser\web_applications\locks\partitioned_lock_manager.cc:262] Acquiring <PartitionedLockId>{id: 0x30, partition: 0} for StartInstallationTask@chrome\browser\web_applications\externally_managed_app_manager.cc:411
[16896:14528:1004/171257.153:VERBOSE1:chrome\browser\web_applications\locks\partitioned_lock_manager.cc:243] All locks acquired for StartInstallationTask@chrome\browser\web_applications\externally_managed_app_manager.cc:411
[16896:14528:1004/171257.153:VERBOSE1:chrome\browser\web_applications\locks\partitioned_lock_manager.cc:286] Releasing <PartitionedLockId>{id: 0x31, partition: 0} requested by MaybeStartNext@chrome\browser\web_applications\externally_managed_app_manager.cc:271
[16896:14528:1004/171257.168:VERBOSE1:chrome\browser\web_applications\locks\partitioned_lock_manager.cc:262] Acquiring <PartitionedLockId>{id: 0x31, partition: 0} for InstallFromInfo@chrome\browser\web_applications\commands\external_app_resolution_command.cc:799
[16896:14528:1004/171257.168:VERBOSE1:chrome\browser\web_applications\locks\partitioned_lock_manager.cc:262] Acquiring <PartitionedLockId>{id: 0x6d706e706f6a6b6e706d6d6f706f6d626e6a646367616169656b616a626e6a62, partition: 1} for InstallFromInfo@chrome\browser\web_applications\commands\external_app_resolution_command.cc:799
[16896:14528:1004/171257.168:VERBOSE1:chrome\browser\web_applications\locks\partitioned_lock_manager.cc:243] All locks acquired for InstallFromInfo@chrome\browser\web_applications\commands\external_app_resolution_command.cc:799
[16896:14528:1004/171257.216:VERBOSE1:chrome\browser\profiles\profile_manager.cc:1401] AddKeepAlive(Default, kWebAppUpdate). keep_alives=[kWaitingForFirstBrowserWindow (1), kOffTheRecordProfile (1), kExtensionUpdater (1), kWebAppUpdate (1)]
[16896:14528:1004/171257.216:VERBOSE1:chrome\browser\web_applications\locks\partitioned_lock_manager.cc:286] Releasing <PartitionedLockId>{id: 0x6d706e706f6a6b6e706d6d6f706f6d626e6a646367616169656b616a626e6a62, partition: 1} requested by InstallFromInfo@chrome\browser\web_applications\commands\external_app_resolution_command.cc:799
[16896:14528:1004/171257.216:VERBOSE1:chrome\browser\web_applications\locks\partitioned_lock_manager.cc:286] Releasing <PartitionedLockId>{id: 0x31, partition: 0} requested by InstallFromInfo@chrome\browser\web_applications\commands\external_app_resolution_command.cc:799
[16896:14528:1004/171257.216:VERBOSE1:chrome\browser\web_applications\locks\partitioned_lock_manager.cc:318] Acquiring <PartitionedLockId>{id: 0x31, partition: 0} for AdjustAppStateBeforeCommit@chrome\browser\web_applications\jobs\finalize_install_or_update_job.cc:743
[16896:14528:1004/171257.216:VERBOSE1:chrome\browser\web_applications\locks\partitioned_lock_manager.cc:243] All locks acquired for AdjustAppStateBeforeCommit@chrome\browser\web_applications\jobs\finalize_install_or_update_job.cc:743
[16896:14528:1004/171257.216:VERBOSE1:chrome\browser\web_applications\locks\partitioned_lock_manager.cc:286] Releasing <PartitionedLockId>{id: 0x30, partition: 0} requested by StartInstallationTask@chrome\browser\web_applications\externally_managed_app_manager.cc:411
[16896:14528:1004/171257.217:VERBOSE1:chrome\browser\profiles\profile_manager.cc:1462] RemoveKeepAlive(Default, kWebAppUpdate). keep_alives=[kWaitingForFirstBrowserWindow (1), kOffTheRecordProfile (1), kExtensionUpdater (1)]
[16896:14528:1004/171257.217:VERBOSE1:chrome\browser\web_applications\locks\partitioned_lock_manager.cc:286] Releasing <PartitionedLockId>{id: 0x31, partition: 0} requested by AdjustAppStateBeforeCommit@chrome\browser\web_applications\jobs\finalize_install_or_update_job.cc:743
[16896:14528:1004/171257.219:VERBOSE1:chrome\browser\web_applications\locks\partitioned_lock_manager.cc:262] Acquiring <PartitionedLockId>{id: 0x31, partition: 0} for MaybeStartNext@chrome\browser\web_applications\externally_managed_app_manager.cc:271
[16896:14528:1004/171257.219:VERBOSE1:chrome\browser\web_applications\locks\partitioned_lock_manager.cc:243] All locks acquired for MaybeStartNext@chrome\browser\web_applications\externally_managed_app_manager.cc:271
[16896:14528:1004/171257.219:VERBOSE1:chrome\browser\web_applications\locks\partitioned_lock_manager.cc:262] Acquiring <PartitionedLockId>{id: 0x30, partition: 0} for StartInstallationTask@chrome\browser\web_applications\externally_managed_app_manager.cc:411
[16896:14528:1004/171257.219:VERBOSE1:chrome\browser\web_applications\locks\partitioned_lock_manager.cc:243] All locks acquired for StartInstallationTask@chrome\browser\web_applications\externally_managed_app_manager.cc:411
[16896:14528:1004/171257.219:VERBOSE1:chrome\browser\web_applications\locks\partitioned_lock_manager.cc:286] Releasing <PartitionedLockId>{id: 0x31, partition: 0} requested by MaybeStartNext@chrome\browser\web_applications\externally_managed_app_manager.cc:271
[16896:14528:1004/171257.272:VERBOSE1:chrome\browser\web_applications\locks\partitioned_lock_manager.cc:262] Acquiring <PartitionedLockId>{id: 0x31, partition: 0} for InstallFromInfo@chrome\browser\web_applications\commands\external_app_resolution_command.cc:799
[16896:14528:1004/171257.273:VERBOSE1:chrome\browser\web_applications\locks\partitioned_lock_manager.cc:262] Acquiring <PartitionedLockId>{id: 0x61676862696168627061696a69676e6365696465706f6f6b6c6a65626866616b, partition: 1} for InstallFromInfo@chrome\browser\web_applications\commands\external_app_resolution_command.cc:799
[16896:14528:1004/171257.273:VERBOSE1:chrome\browser\web_applications\locks\partitioned_lock_manager.cc:243] All locks acquired for InstallFromInfo@chrome\browser\web_applications\commands\external_app_resolution_command.cc:799
[16896:14528:1004/171257.319:VERBOSE1:chrome\browser\profiles\profile_manager.cc:1401] AddKeepAlive(Default, kWebAppUpdate). keep_alives=[kWaitingForFirstBrowserWindow (1), kOffTheRecordProfile (1), kExtensionUpdater (1), kWebAppUpdate (1)]
[16896:14528:1004/171257.319:VERBOSE1:chrome\browser\web_applications\locks\partitioned_lock_manager.cc:286] Releasing <PartitionedLockId>{id: 0x61676862696168627061696a69676e6365696465706f6f6b6c6a65626866616b, partition: 1} requested by InstallFromInfo@chrome\browser\web_applications\commands\external_app_resolution_command.cc:799
[16896:14528:1004/171257.319:VERBOSE1:chrome\browser\web_applications\locks\partitioned_lock_manager.cc:286] Releasing <PartitionedLockId>{id: 0x31, partition: 0} requested by InstallFromInfo@chrome\browser\web_applications\commands\external_app_resolution_command.cc:799
[16896:14528:1004/171257.319:VERBOSE1:chrome\browser\web_applications\locks\partitioned_lock_manager.cc:318] Acquiring <PartitionedLockId>{id: 0x31, partition: 0} for AdjustAppStateBeforeCommit@chrome\browser\web_applications\jobs\finalize_install_or_update_job.cc:743
[16896:14528:1004/171257.319:VERBOSE1:chrome\browser\web_applications\locks\partitioned_lock_manager.cc:243] All locks acquired for AdjustAppStateBeforeCommit@chrome\browser\web_applications\jobs\finalize_install_or_update_job.cc:743
[16896:14528:1004/171257.320:VERBOSE1:chrome\browser\web_applications\locks\partitioned_lock_manager.cc:286] Releasing <PartitionedLockId>{id: 0x30, partition: 0} requested by StartInstallationTask@chrome\browser\web_applications\externally_managed_app_manager.cc:411
[16896:14528:1004/171257.320:VERBOSE1:chrome\browser\profiles\profile_manager.cc:1462] RemoveKeepAlive(Default, kWebAppUpdate). keep_alives=[kWaitingForFirstBrowserWindow (1), kOffTheRecordProfile (1), kExtensionUpdater (1)]
[16896:14528:1004/171257.321:VERBOSE1:chrome\browser\web_applications\locks\partitioned_lock_manager.cc:286] Releasing <PartitionedLockId>{id: 0x31, partition: 0} requested by AdjustAppStateBeforeCommit@chrome\browser\web_applications\jobs\finalize_install_or_update_job.cc:743
[16896:14528:1004/171257.322:VERBOSE1:chrome\browser\web_applications\locks\partitioned_lock_manager.cc:262] Acquiring <PartitionedLockId>{id: 0x31, partition: 0} for MaybeStartNext@chrome\browser\web_applications\externally_managed_app_manager.cc:271
[16896:14528:1004/171257.322:VERBOSE1:chrome\browser\web_applications\locks\partitioned_lock_manager.cc:243] All locks acquired for MaybeStartNext@chrome\browser\web_applications\externally_managed_app_manager.cc:271
[16896:14528:1004/171257.323:VERBOSE1:chrome\browser\web_applications\locks\partitioned_lock_manager.cc:262] Acquiring <PartitionedLockId>{id: 0x30, partition: 0} for StartInstallationTask@chrome\browser\web_applications\externally_managed_app_manager.cc:411
[16896:14528:1004/171257.323:VERBOSE1:chrome\browser\web_applications\locks\partitioned_lock_manager.cc:243] All locks acquired for StartInstallationTask@chrome\browser\web_applications\externally_managed_app_manager.cc:411
[16896:14528:1004/171257.323:VERBOSE1:chrome\browser\web_applications\locks\partitioned_lock_manager.cc:286] Releasing <PartitionedLockId>{id: 0x31, partition: 0} requested by MaybeStartNext@chrome\browser\web_applications\externally_managed_app_manager.cc:271
[16896:14528:1004/171257.336:VERBOSE1:chrome\browser\web_applications\locks\partitioned_lock_manager.cc:262] Acquiring <PartitionedLockId>{id: 0x31, partition: 0} for InstallFromInfo@chrome\browser\web_applications\commands\external_app_resolution_command.cc:799
[16896:14528:1004/171257.336:VERBOSE1:chrome\browser\web_applications\locks\partitioned_lock_manager.cc:262] Acquiring <PartitionedLockId>{id: 0x6668696870696f6a6b626d6270646a656f616a61706d676b686c6e616b666a66, partition: 1} for InstallFromInfo@chrome\browser\web_applications\commands\external_app_resolution_command.cc:799
[16896:14528:1004/171257.337:VERBOSE1:chrome\browser\web_applications\locks\partitioned_lock_manager.cc:243] All locks acquired for InstallFromInfo@chrome\browser\web_applications\commands\external_app_resolution_command.cc:799
[16896:14528:1004/171257.339:VERBOSE1:components\update_client\request_sender.cc:338] Request completed from url: https://update.googleapis.com/service/update2/json
[16896:14528:1004/171257.340:VERBOSE1:components\component_updater\component_updater_service.cc:507] Update completed with error 0
[16896:14528:1004/171257.381:VERBOSE1:chrome\browser\profiles\profile_manager.cc:1401] AddKeepAlive(Default, kWebAppUpdate). keep_alives=[kWaitingForFirstBrowserWindow (1), kOffTheRecordProfile (1), kExtensionUpdater (1), kWebAppUpdate (1)]
[16896:14528:1004/171257.382:VERBOSE1:chrome\browser\web_applications\locks\partitioned_lock_manager.cc:286] Releasing <PartitionedLockId>{id: 0x6668696870696f6a6b626d6270646a656f616a61706d676b686c6e616b666a66, partition: 1} requested by InstallFromInfo@chrome\browser\web_applications\commands\external_app_resolution_command.cc:799
[16896:14528:1004/171257.382:VERBOSE1:chrome\browser\web_applications\locks\partitioned_lock_manager.cc:286] Releasing <PartitionedLockId>{id: 0x31, partition: 0} requested by InstallFromInfo@chrome\browser\web_applications\commands\external_app_resolution_command.cc:799
[16896:14528:1004/171257.382:VERBOSE1:chrome\browser\web_applications\locks\partitioned_lock_manager.cc:318] Acquiring <PartitionedLockId>{id: 0x31, partition: 0} for AdjustAppStateBeforeCommit@chrome\browser\web_applications\jobs\finalize_install_or_update_job.cc:743
[16896:14528:1004/171257.382:VERBOSE1:chrome\browser\web_applications\locks\partitioned_lock_manager.cc:243] All locks acquired for AdjustAppStateBeforeCommit@chrome\browser\web_applications\jobs\finalize_install_or_update_job.cc:743
[16896:14528:1004/171257.382:VERBOSE1:chrome\browser\web_applications\locks\partitioned_lock_manager.cc:286] Releasing <PartitionedLockId>{id: 0x30, partition: 0} requested by StartInstallationTask@chrome\browser\web_applications\externally_managed_app_manager.cc:411
[16896:14528:1004/171257.383:VERBOSE1:chrome\browser\profiles\profile_manager.cc:1462] RemoveKeepAlive(Default, kWebAppUpdate). keep_alives=[kWaitingForFirstBrowserWindow (1), kOffTheRecordProfile (1), kExtensionUpdater (1)]
[16896:14528:1004/171257.383:VERBOSE1:chrome\browser\web_applications\locks\partitioned_lock_manager.cc:286] Releasing <PartitionedLockId>{id: 0x31, partition: 0} requested by AdjustAppStateBeforeCommit@chrome\browser\web_applications\jobs\finalize_install_or_update_job.cc:743
[16896:14528:1004/171257.387:VERBOSE1:chrome\browser\web_applications\locks\partitioned_lock_manager.cc:262] Acquiring <PartitionedLockId>{id: 0x31, partition: 0} for MaybeStartNext@chrome\browser\web_applications\externally_managed_app_manager.cc:271
[16896:14528:1004/171257.387:VERBOSE1:chrome\browser\web_applications\locks\partitioned_lock_manager.cc:243] All locks acquired for MaybeStartNext@chrome\browser\web_applications\externally_managed_app_manager.cc:271
[16896:14528:1004/171257.387:VERBOSE1:chrome\browser\web_applications\locks\partitioned_lock_manager.cc:262] Acquiring <PartitionedLockId>{id: 0x30, partition: 0} for StartInstallationTask@chrome\browser\web_applications\externally_managed_app_manager.cc:411
[16896:14528:1004/171257.387:VERBOSE1:chrome\browser\web_applications\locks\partitioned_lock_manager.cc:243] All locks acquired for StartInstallationTask@chrome\browser\web_applications\externally_managed_app_manager.cc:411
[16896:14528:1004/171257.388:VERBOSE1:chrome\browser\web_applications\locks\partitioned_lock_manager.cc:286] Releasing <PartitionedLockId>{id: 0x31, partition: 0} requested by MaybeStartNext@chrome\browser\web_applications\externally_managed_app_manager.cc:271
[16896:14528:1004/171257.442:VERBOSE1:chrome\browser\web_applications\locks\partitioned_lock_manager.cc:262] Acquiring <PartitionedLockId>{id: 0x31, partition: 0} for InstallFromInfo@chrome\browser\web_applications\commands\external_app_resolution_command.cc:799
[16896:14528:1004/171257.442:VERBOSE1:chrome\browser\web_applications\locks\partitioned_lock_manager.cc:262] Acquiring <PartitionedLockId>{id: 0x6b65666a6c65646f6e6b6c696a6f706d6e6f6d6c6362706c6c63686169626167, partition: 1} for InstallFromInfo@chrome\browser\web_applications\commands\external_app_resolution_command.cc:799
[16896:14528:1004/171257.442:VERBOSE1:chrome\browser\web_applications\locks\partitioned_lock_manager.cc:243] All locks acquired for InstallFromInfo@chrome\browser\web_applications\commands\external_app_resolution_command.cc:799
[16896:14528:1004/171257.497:VERBOSE1:chrome\browser\profiles\profile_manager.cc:1401] AddKeepAlive(Default, kWebAppUpdate). keep_alives=[kWaitingForFirstBrowserWindow (1), kOffTheRecordProfile (1), kExtensionUpdater (1), kWebAppUpdate (1)]
[16896:14528:1004/171257.497:VERBOSE1:chrome\browser\web_applications\locks\partitioned_lock_manager.cc:286] Releasing <PartitionedLockId>{id: 0x6b65666a6c65646f6e6b6c696a6f706d6e6f6d6c6362706c6c63686169626167, partition: 1} requested by InstallFromInfo@chrome\browser\web_applications\commands\external_app_resolution_command.cc:799
[16896:14528:1004/171257.497:VERBOSE1:chrome\browser\web_applications\locks\partitioned_lock_manager.cc:286] Releasing <PartitionedLockId>{id: 0x31, partition: 0} requested by InstallFromInfo@chrome\browser\web_applications\commands\external_app_resolution_command.cc:799
[16896:14528:1004/171257.498:VERBOSE1:chrome\browser\web_applications\locks\partitioned_lock_manager.cc:318] Acquiring <PartitionedLockId>{id: 0x31, partition: 0} for AdjustAppStateBeforeCommit@chrome\browser\web_applications\jobs\finalize_install_or_update_job.cc:743
[16896:14528:1004/171257.498:VERBOSE1:chrome\browser\web_applications\locks\partitioned_lock_manager.cc:243] All locks acquired for AdjustAppStateBeforeCommit@chrome\browser\web_applications\jobs\finalize_install_or_update_job.cc:743
[16896:14528:1004/171257.498:VERBOSE1:chrome\browser\web_applications\locks\partitioned_lock_manager.cc:286] Releasing <PartitionedLockId>{id: 0x30, partition: 0} requested by StartInstallationTask@chrome\browser\web_applications\externally_managed_app_manager.cc:411
[16896:14528:1004/171257.498:VERBOSE1:chrome\browser\profiles\profile_manager.cc:1462] RemoveKeepAlive(Default, kWebAppUpdate). keep_alives=[kWaitingForFirstBrowserWindow (1), kOffTheRecordProfile (1), kExtensionUpdater (1)]
[16896:14528:1004/171257.498:VERBOSE1:chrome\browser\web_applications\locks\partitioned_lock_manager.cc:286] Releasing <PartitionedLockId>{id: 0x31, partition: 0} requested by AdjustAppStateBeforeCommit@chrome\browser\web_applications\jobs\finalize_install_or_update_job.cc:743
[16896:14528:1004/171257.499:VERBOSE1:chrome\browser\web_applications\locks\partitioned_lock_manager.cc:262] Acquiring <PartitionedLockId>{id: 0x31, partition: 0} for MaybeStartNext@chrome\browser\web_applications\externally_managed_app_manager.cc:271
[16896:14528:1004/171257.500:VERBOSE1:chrome\browser\web_applications\locks\partitioned_lock_manager.cc:243] All locks acquired for MaybeStartNext@chrome\browser\web_applications\externally_managed_app_manager.cc:271
[16896:14528:1004/171257.500:VERBOSE1:chrome\browser\web_applications\locks\partitioned_lock_manager.cc:262] Acquiring <PartitionedLockId>{id: 0x30, partition: 0} for StartInstallationTask@chrome\browser\web_applications\externally_managed_app_manager.cc:411
[16896:14528:1004/171257.500:VERBOSE1:chrome\browser\web_applications\locks\partitioned_lock_manager.cc:243] All locks acquired for StartInstallationTask@chrome\browser\web_applications\externally_managed_app_manager.cc:411
[16896:14528:1004/171257.500:VERBOSE1:chrome\browser\web_applications\locks\partitioned_lock_manager.cc:286] Releasing <PartitionedLockId>{id: 0x31, partition: 0} requested by MaybeStartNext@chrome\browser\web_applications\externally_managed_app_manager.cc:271
[16896:14528:1004/171257.512:VERBOSE1:chrome\browser\web_applications\locks\partitioned_lock_manager.cc:262] Acquiring <PartitionedLockId>{id: 0x31, partition: 0} for InstallFromInfo@chrome\browser\web_applications\commands\external_app_resolution_command.cc:799
[16896:14528:1004/171257.512:VERBOSE1:chrome\browser\web_applications\locks\partitioned_lock_manager.cc:262] Acquiring <PartitionedLockId>{id: 0x6167696d6e6b696a636161686e6763646d6665616e67616b6e6d6c646f6f6d6c, partition: 1} for InstallFromInfo@chrome\browser\web_applications\commands\external_app_resolution_command.cc:799
[16896:14528:1004/171257.513:VERBOSE1:chrome\browser\web_applications\locks\partitioned_lock_manager.cc:243] All locks acquired for InstallFromInfo@chrome\browser\web_applications\commands\external_app_resolution_command.cc:799
[16896:14528:1004/171257.555:VERBOSE1:chrome\browser\profiles\profile_manager.cc:1401] AddKeepAlive(Default, kWebAppUpdate). keep_alives=[kWaitingForFirstBrowserWindow (1), kOffTheRecordProfile (1), kExtensionUpdater (1), kWebAppUpdate (1)]
[16896:14528:1004/171257.555:VERBOSE1:chrome\browser\web_applications\locks\partitioned_lock_manager.cc:286] Releasing <PartitionedLockId>{id: 0x6167696d6e6b696a636161686e6763646d6665616e67616b6e6d6c646f6f6d6c, partition: 1} requested by InstallFromInfo@chrome\browser\web_applications\commands\external_app_resolution_command.cc:799
[16896:14528:1004/171257.555:VERBOSE1:chrome\browser\web_applications\locks\partitioned_lock_manager.cc:286] Releasing <PartitionedLockId>{id: 0x31, partition: 0} requested by InstallFromInfo@chrome\browser\web_applications\commands\external_app_resolution_command.cc:799
[16896:14528:1004/171257.555:VERBOSE1:chrome\browser\web_applications\locks\partitioned_lock_manager.cc:318] Acquiring <PartitionedLockId>{id: 0x31, partition: 0} for AdjustAppStateBeforeCommit@chrome\browser\web_applications\jobs\finalize_install_or_update_job.cc:743
[16896:14528:1004/171257.555:VERBOSE1:chrome\browser\web_applications\locks\partitioned_lock_manager.cc:243] All locks acquired for AdjustAppStateBeforeCommit@chrome\browser\web_applications\jobs\finalize_install_or_update_job.cc:743
[16896:14528:1004/171257.556:VERBOSE1:chrome\browser\web_applications\locks\partitioned_lock_manager.cc:286] Releasing <PartitionedLockId>{id: 0x30, partition: 0} requested by StartInstallationTask@chrome\browser\web_applications\externally_managed_app_manager.cc:411
[16896:14528:1004/171257.556:VERBOSE1:chrome\browser\profiles\profile_manager.cc:1462] RemoveKeepAlive(Default, kWebAppUpdate). keep_alives=[kWaitingForFirstBrowserWindow (1), kOffTheRecordProfile (1), kExtensionUpdater (1)]
[16896:14528:1004/171257.556:VERBOSE1:chrome\browser\web_applications\locks\partitioned_lock_manager.cc:286] Releasing <PartitionedLockId>{id: 0x31, partition: 0} requested by AdjustAppStateBeforeCommit@chrome\browser\web_applications\jobs\finalize_install_or_update_job.cc:743
[16896:14528:1004/171257.557:VERBOSE1:chrome\browser\web_applications\locks\partitioned_lock_manager.cc:262] Acquiring <PartitionedLockId>{id: 0x31, partition: 0} for MaybeStartNext@chrome\browser\web_applications\externally_managed_app_manager.cc:271
[16896:14528:1004/171257.557:VERBOSE1:chrome\browser\web_applications\locks\partitioned_lock_manager.cc:243] All locks acquired for MaybeStartNext@chrome\browser\web_applications\externally_managed_app_manager.cc:271
[16896:14528:1004/171257.558:VERBOSE1:chrome\browser\web_applications\locks\partitioned_lock_manager.cc:262] Acquiring <PartitionedLockId>{id: 0x30, partition: 0} for StartInstallationTask@chrome\browser\web_applications\externally_managed_app_manager.cc:411
[16896:14528:1004/171257.558:VERBOSE1:chrome\browser\web_applications\locks\partitioned_lock_manager.cc:243] All locks acquired for StartInstallationTask@chrome\browser\web_applications\externally_managed_app_manager.cc:411
[16896:14528:1004/171257.558:VERBOSE1:chrome\browser\web_applications\locks\partitioned_lock_manager.cc:286] Releasing <PartitionedLockId>{id: 0x31, partition: 0} requested by MaybeStartNext@chrome\browser\web_applications\externally_managed_app_manager.cc:271
[16896:14528:1004/171257.620:VERBOSE1:chrome\browser\web_applications\locks\partitioned_lock_manager.cc:262] Acquiring <PartitionedLockId>{id: 0x31, partition: 0} for InstallFromInfo@chrome\browser\web_applications\commands\external_app_resolution_command.cc:799
[16896:14528:1004/171257.620:VERBOSE1:chrome\browser\web_applications\locks\partitioned_lock_manager.cc:262] Acquiring <PartitionedLockId>{id: 0x706f6d6d61636c6362666768636c68616c626f616b636970636d6d6e6468636a, partition: 1} for InstallFromInfo@chrome\browser\web_applications\commands\external_app_resolution_command.cc:799
[16896:14528:1004/171257.621:VERBOSE1:chrome\browser\web_applications\locks\partitioned_lock_manager.cc:243] All locks acquired for InstallFromInfo@chrome\browser\web_applications\commands\external_app_resolution_command.cc:799
[16896:14528:1004/171257.652:VERBOSE1:chrome\browser\profiles\profile_manager.cc:1401] AddKeepAlive(Default, kWebAppUpdate). keep_alives=[kWaitingForFirstBrowserWindow (1), kOffTheRecordProfile (1), kExtensionUpdater (1), kWebAppUpdate (1)]
[16896:14528:1004/171257.653:VERBOSE1:chrome\browser\web_applications\locks\partitioned_lock_manager.cc:286] Releasing <PartitionedLockId>{id: 0x706f6d6d61636c6362666768636c68616c626f616b636970636d6d6e6468636a, partition: 1} requested by InstallFromInfo@chrome\browser\web_applications\commands\external_app_resolution_command.cc:799
[16896:14528:1004/171257.653:VERBOSE1:chrome\browser\web_applications\locks\partitioned_lock_manager.cc:286] Releasing <PartitionedLockId>{id: 0x31, partition: 0} requested by InstallFromInfo@chrome\browser\web_applications\commands\external_app_resolution_command.cc:799
[16896:14528:1004/171257.653:VERBOSE1:chrome\browser\web_applications\locks\partitioned_lock_manager.cc:318] Acquiring <PartitionedLockId>{id: 0x31, partition: 0} for AdjustAppStateBeforeCommit@chrome\browser\web_applications\jobs\finalize_install_or_update_job.cc:743
[16896:14528:1004/171257.653:VERBOSE1:chrome\browser\web_applications\locks\partitioned_lock_manager.cc:243] All locks acquired for AdjustAppStateBeforeCommit@chrome\browser\web_applications\jobs\finalize_install_or_update_job.cc:743
[16896:14528:1004/171257.653:VERBOSE1:chrome\browser\web_applications\locks\partitioned_lock_manager.cc:286] Releasing <PartitionedLockId>{id: 0x30, partition: 0} requested by StartInstallationTask@chrome\browser\web_applications\externally_managed_app_manager.cc:411
[16896:14528:1004/171257.653:VERBOSE1:chrome\browser\profiles\profile_manager.cc:1462] RemoveKeepAlive(Default, kWebAppUpdate). keep_alives=[kWaitingForFirstBrowserWindow (1), kOffTheRecordProfile (1), kExtensionUpdater (1)]
[16896:14528:1004/171257.653:VERBOSE1:chrome\browser\web_applications\locks\partitioned_lock_manager.cc:286] Releasing <PartitionedLockId>{id: 0x31, partition: 0} requested by AdjustAppStateBeforeCommit@chrome\browser\web_applications\jobs\finalize_install_or_update_job.cc:743
[16896:14528:1004/171257.654:VERBOSE1:chrome\browser\web_applications\locks\partitioned_lock_manager.cc:318] Acquiring <PartitionedLockId>{id: 0x31, partition: 0} for ContinueSynchronization@chrome\browser\web_applications\externally_managed_app_manager.cc:736
[16896:14528:1004/171257.654:VERBOSE1:chrome\browser\web_applications\locks\partitioned_lock_manager.cc:243] All locks acquired for ContinueSynchronization@chrome\browser\web_applications\externally_managed_app_manager.cc:736
[16896:14528:1004/171257.655:VERBOSE1:chrome\browser\web_applications\locks\partitioned_lock_manager.cc:286] Releasing <PartitionedLockId>{id: 0x31, partition: 0} requested by ContinueSynchronization@chrome\browser\web_applications\externally_managed_app_manager.cc:736
[16896:14528:1004/171257.655:VERBOSE1:chrome\browser\web_applications\locks\partitioned_lock_manager.cc:318] Acquiring <PartitionedLockId>{id: 0x31, partition: 0} for MaybeStartNext@chrome\browser\web_applications\externally_managed_app_manager.cc:271
[16896:14528:1004/171257.655:VERBOSE1:chrome\browser\web_applications\locks\partitioned_lock_manager.cc:243] All locks acquired for MaybeStartNext@chrome\browser\web_applications\externally_managed_app_manager.cc:271
[16896:14528:1004/171257.656:VERBOSE1:chrome\browser\web_applications\locks\partitioned_lock_manager.cc:286] Releasing <PartitionedLockId>{id: 0x31, partition: 0} requested by MaybeStartNext@chrome\browser\web_applications\externally_managed_app_manager.cc:271
[16896:14528:1004/171258.876:VERBOSE1:components\segmentation_platform\internal\selection\segment_result_provider.cc:226] GetCachedModelScore: segment=OPTIMIZATION_TARGET_SEGMENTATION_CHROME_LOW_USER_ENGAGEMENT does not have a segment info.
[16896:14528:1004/171258.876:VERBOSE1:components\segmentation_platform\internal\selection\segment_result_provider.cc:172] OnGotModelScore: segment=OPTIMIZATION_TARGET_SEGMENTATION_CHROME_LOW_USER_ENGAGEMENT failed to get score from database, executing server model.
[16896:14528:1004/171258.876:VERBOSE1:components\segmentation_platform\internal\selection\segment_result_provider.cc:277] ExecuteModelAndGetScore: segment=OPTIMIZATION_TARGET_SEGMENTATION_CHROME_LOW_USER_ENGAGEMENT server segment info not available
[16896:14528:1004/171258.877:VERBOSE1:components\segmentation_platform\internal\selection\segment_result_provider.cc:201] OnGotModelScore: segment=OPTIMIZATION_TARGET_SEGMENTATION_CHROME_LOW_USER_ENGAGEMENT failed to get score from executing server model, getting score from default model from db.
[16896:14528:1004/171258.877:VERBOSE1:components\segmentation_platform\internal\selection\segment_result_provider.cc:240] GetCachedModelScore: segment=OPTIMIZATION_TARGET_SEGMENTATION_CHROME_LOW_USER_ENGAGEMENT has expired or unavailable result.
[16896:14528:1004/171258.877:VERBOSE1:components\segmentation_platform\internal\selection\segment_result_provider.cc:210] OnGotModelScore: segment=OPTIMIZATION_TARGET_SEGMENTATION_CHROME_LOW_USER_ENGAGEMENT failed to get database model score, trying default model.
[16896:14528:1004/171258.878:VERBOSE1:components\segmentation_platform\internal\selection\segment_result_provider.cc:295] ExecuteModelAndGetScore: segment=OPTIMIZATION_TARGET_SEGMENTATION_CHROME_LOW_USER_ENGAGEMENT signal collection not met
[16896:14528:1004/171258.878:VERBOSE1:components\segmentation_platform\internal\selection\segment_result_provider.cc:226] GetCachedModelScore: segment=OPTIMIZATION_TARGET_SEGMENTATION_SEARCH_USER does not have a segment info.
[16896:14528:1004/171258.878:VERBOSE1:components\segmentation_platform\internal\selection\segment_result_provider.cc:172] OnGotModelScore: segment=OPTIMIZATION_TARGET_SEGMENTATION_SEARCH_USER failed to get score from database, executing server model.
[16896:14528:1004/171258.878:VERBOSE1:components\segmentation_platform\internal\selection\segment_result_provider.cc:277] ExecuteModelAndGetScore: segment=OPTIMIZATION_TARGET_SEGMENTATION_SEARCH_USER server segment info not available
[16896:14528:1004/171258.878:VERBOSE1:components\segmentation_platform\internal\selection\segment_result_provider.cc:201] OnGotModelScore: segment=OPTIMIZATION_TARGET_SEGMENTATION_SEARCH_USER failed to get score from executing server model, getting score from default model from db.
[16896:14528:1004/171258.879:VERBOSE1:components\segmentation_platform\internal\selection\segment_result_provider.cc:240] GetCachedModelScore: segment=OPTIMIZATION_TARGET_SEGMENTATION_SEARCH_USER has expired or unavailable result.
[16896:14528:1004/171258.879:VERBOSE1:components\segmentation_platform\internal\selection\segment_result_provider.cc:210] OnGotModelScore: segment=OPTIMIZATION_TARGET_SEGMENTATION_SEARCH_USER failed to get database model score, trying default model.
[16896:14528:1004/171258.879:VERBOSE1:components\segmentation_platform\internal\selection\segment_result_provider.cc:295] ExecuteModelAndGetScore: segment=OPTIMIZATION_TARGET_SEGMENTATION_SEARCH_USER signal collection not met
[16896:14528:1004/171258.879:VERBOSE1:components\segmentation_platform\internal\selection\segment_result_provider.cc:226] GetCachedModelScore: segment=OPTIMIZATION_TARGET_SEGMENTATION_SHOPPING_USER does not have a segment info.
[16896:14528:1004/171258.879:VERBOSE1:components\segmentation_platform\internal\selection\segment_result_provider.cc:172] OnGotModelScore: segment=OPTIMIZATION_TARGET_SEGMENTATION_SHOPPING_USER failed to get score from database, executing server model.
[16896:14528:1004/171258.880:VERBOSE1:components\segmentation_platform\internal\selection\segment_result_provider.cc:277] ExecuteModelAndGetScore: segment=OPTIMIZATION_TARGET_SEGMENTATION_SHOPPING_USER server segment info not available
[16896:14528:1004/171258.880:VERBOSE1:components\segmentation_platform\internal\selection\segment_result_provider.cc:201] OnGotModelScore: segment=OPTIMIZATION_TARGET_SEGMENTATION_SHOPPING_USER failed to get score from executing server model, getting score from default model from db.
[16896:14528:1004/171258.880:VERBOSE1:components\segmentation_platform\internal\selection\segment_result_provider.cc:240] GetCachedModelScore: segment=OPTIMIZATION_TARGET_SEGMENTATION_SHOPPING_USER has expired or unavailable result.
[16896:14528:1004/171258.881:VERBOSE1:components\segmentation_platform\internal\selection\segment_result_provider.cc:210] OnGotModelScore: segment=OPTIMIZATION_TARGET_SEGMENTATION_SHOPPING_USER failed to get database model score, trying default model.
[16896:14528:1004/171258.881:VERBOSE1:components\segmentation_platform\internal\selection\segment_result_provider.cc:226] GetCachedModelScore: segment=CROSS_DEVICE_USER_SEGMENT does not have a segment info.
[16896:12248:1004/171258.881:VERBOSE1:components\segmentation_platform\internal\database\ukm_database_backend.cc:355] Output from SQL query SELECT IFNULL(COUNT(metric_value),0)FROM uma_metrics WHERE metric_hash='1A94D82447638877' AND profile_id=? AND type=? AND metric_value IN(1)AND event_timestamp BETWEEN ? AND ? Bind values: 0:2683957903 1:2 2:2026-09-27 09:12:58.881545 UTC 3:2026-10-04 09:12:58.881545 UTC  Result: 0.000000,
[16896:14528:1004/171258.881:VERBOSE1:components\segmentation_platform\internal\selection\segment_result_provider.cc:172] OnGotModelScore: segment=CROSS_DEVICE_USER_SEGMENT failed to get score from database, executing server model.
[16896:12248:1004/171258.881:VERBOSE1:components\segmentation_platform\internal\database\ukm_database_backend.cc:355] Output from SQL query SELECT IFNULL(COUNT(metric_value),0)FROM uma_metrics WHERE metric_hash='8A5076C9026398BD' AND profile_id=? AND type=? AND event_timestamp BETWEEN ? AND ? Bind values: 0:2683957903 1:1 2:2026-09-27 09:12:58.881545 UTC 3:2026-10-04 09:12:58.881545 UTC  Result: 0.000000,
[16896:14528:1004/171258.881:VERBOSE1:components\segmentation_platform\internal\selection\segment_result_provider.cc:277] ExecuteModelAndGetScore: segment=CROSS_DEVICE_USER_SEGMENT server segment info not available
[16896:12248:1004/171258.881:VERBOSE1:components\segmentation_platform\internal\database\ukm_database_backend.cc:355] Output from SQL query SELECT COALESCE((SELECT metric_value FROM uma_metrics WHERE metric_hash='ED7CFEC70BF9942D' AND profile_id=? AND type=? AND event_timestamp BETWEEN ? AND ? ORDER BY event_timestamp DESC,id DESC LIMIT 1),0.000000) Bind values: 0:2683957903 1:3 2:2026-09-27 09:12:58.881545 UTC 3:2026-10-04 09:12:58.881545 UTC  Result: 0.000000,
[16896:14528:1004/171258.881:VERBOSE1:components\segmentation_platform\internal\selection\segment_result_provider.cc:201] OnGotModelScore: segment=CROSS_DEVICE_USER_SEGMENT failed to get score from executing server model, getting score from default model from db.
[16896:14528:1004/171258.882:VERBOSE1:components\segmentation_platform\internal\selection\segment_result_provider.cc:240] GetCachedModelScore: segment=CROSS_DEVICE_USER_SEGMENT has expired or unavailable result.
[16896:14528:1004/171258.882:VERBOSE1:components\segmentation_platform\internal\selection\segment_result_provider.cc:210] OnGotModelScore: segment=CROSS_DEVICE_USER_SEGMENT failed to get database model score, trying default model.
[16896:14528:1004/171258.882:VERBOSE1:components\segmentation_platform\internal\selection\segment_result_provider.cc:295] ExecuteModelAndGetScore: segment=CROSS_DEVICE_USER_SEGMENT signal collection not met
[16896:14528:1004/171258.882:VERBOSE1:components\segmentation_platform\internal\selection\segment_result_provider.cc:226] GetCachedModelScore: segment=RESUME_HEAVY_USER_SEGMENT does not have a segment info.
[16896:14528:1004/171258.882:VERBOSE1:components\segmentation_platform\internal\selection\segment_result_provider.cc:172] OnGotModelScore: segment=RESUME_HEAVY_USER_SEGMENT failed to get score from database, executing server model.
[16896:14528:1004/171258.882:VERBOSE1:components\segmentation_platform\internal\selection\segment_result_provider.cc:277] ExecuteModelAndGetScore: segment=RESUME_HEAVY_USER_SEGMENT server segment info not available
[16896:14528:1004/171258.882:VERBOSE1:components\segmentation_platform\internal\selection\segment_result_provider.cc:201] OnGotModelScore: segment=RESUME_HEAVY_USER_SEGMENT failed to get score from executing server model, getting score from default model from db.
[16896:14528:1004/171258.883:VERBOSE1:components\segmentation_platform\internal\selection\segment_result_provider.cc:240] GetCachedModelScore: segment=RESUME_HEAVY_USER_SEGMENT has expired or unavailable result.
[16896:14528:1004/171258.883:VERBOSE1:components\segmentation_platform\internal\selection\segment_result_provider.cc:210] OnGotModelScore: segment=RESUME_HEAVY_USER_SEGMENT failed to get database model score, trying default model.
[16896:14528:1004/171258.883:VERBOSE1:components\segmentation_platform\internal\selection\segment_result_provider.cc:295] ExecuteModelAndGetScore: segment=RESUME_HEAVY_USER_SEGMENT signal collection not met
[16896:14528:1004/171258.883:VERBOSE1:components\segmentation_platform\internal\selection\segment_result_provider.cc:226] GetCachedModelScore: segment=PASSWORD_MANAGER_USER does not have a segment info.
[16896:14528:1004/171258.883:VERBOSE1:components\segmentation_platform\internal\selection\segment_result_provider.cc:172] OnGotModelScore: segment=PASSWORD_MANAGER_USER failed to get score from database, executing server model.
[16896:14528:1004/171258.883:VERBOSE1:components\segmentation_platform\internal\selection\segment_result_provider.cc:277] ExecuteModelAndGetScore: segment=PASSWORD_MANAGER_USER server segment info not available
[16896:14528:1004/171258.883:VERBOSE1:components\segmentation_platform\internal\selection\segment_result_provider.cc:201] OnGotModelScore: segment=PASSWORD_MANAGER_USER failed to get score from executing server model, getting score from default model from db.
[16896:14528:1004/171258.883:VERBOSE1:components\segmentation_platform\internal\selection\segment_result_provider.cc:240] GetCachedModelScore: segment=PASSWORD_MANAGER_USER has expired or unavailable result.
[16896:14528:1004/171258.883:VERBOSE1:components\segmentation_platform\internal\selection\segment_result_provider.cc:210] OnGotModelScore: segment=PASSWORD_MANAGER_USER failed to get database model score, trying default model.
[16896:14528:1004/171258.884:VERBOSE1:components\segmentation_platform\internal\selection\segment_result_provider.cc:295] ExecuteModelAndGetScore: segment=PASSWORD_MANAGER_USER signal collection not met
[16896:14528:1004/171258.884:VERBOSE1:components\segmentation_platform\internal\selection\segment_result_provider.cc:226] GetCachedModelScore: segment=CHROME_USER_ENGAGEMENT does not have a segment info.
[16896:14528:1004/171258.884:VERBOSE1:components\segmentation_platform\internal\selection\segment_result_provider.cc:172] OnGotModelScore: segment=CHROME_USER_ENGAGEMENT failed to get score from database, executing server model.
[16896:14528:1004/171258.884:VERBOSE1:components\segmentation_platform\internal\selection\segment_result_provider.cc:277] ExecuteModelAndGetScore: segment=CHROME_USER_ENGAGEMENT server segment info not available
[16896:14528:1004/171258.884:VERBOSE1:components\segmentation_platform\internal\selection\segment_result_provider.cc:201] OnGotModelScore: segment=CHROME_USER_ENGAGEMENT failed to get score from executing server model, getting score from default model from db.
[16896:14528:1004/171258.884:VERBOSE1:components\segmentation_platform\internal\selection\segment_result_provider.cc:240] GetCachedModelScore: segment=CHROME_USER_ENGAGEMENT has expired or unavailable result.
[16896:14528:1004/171258.884:VERBOSE1:components\segmentation_platform\internal\selection\segment_result_provider.cc:210] OnGotModelScore: segment=CHROME_USER_ENGAGEMENT failed to get database model score, trying default model.
[16896:14528:1004/171258.884:VERBOSE1:components\segmentation_platform\internal\selection\segment_result_provider.cc:295] ExecuteModelAndGetScore: segment=CHROME_USER_ENGAGEMENT signal collection not met
[16896:14528:1004/171258.885:VERBOSE1:components\segmentation_platform\internal\execution\model_executor_impl.cc:191] Segmentation model input:  feature 0: 0 feature 1: 0 feature 2: 0 feature 3: 0 for segment OPTIMIZATION_TARGET_SEGMENTATION_SHOPPING_USER
[16896:14528:1004/171258.885:VERBOSE1:components\segmentation_platform\internal\execution\model_executor_impl.cc:220] Segmentation model result:  output 0: 0 for segment OPTIMIZATION_TARGET_SEGMENTATION_SHOPPING_USER
[16896:14528:1004/171258.885:VERBOSE1:components\segmentation_platform\internal\execution\model_executor_impl.cc:278] Model: OPTIMIZATION_TARGET_SEGMENTATION_SHOPPING_USER version: 3 execution status: 0, output size: 1
[16896:14528:1004/171258.885:VERBOSE1:components\segmentation_platform\internal\selection\segment_result_provider.cc:29] ComputeDiscreteMapping: segment=: result=0, rank=0
[16896:14528:1004/171258.885:VERBOSE1:components\segmentation_platform\internal\selection\segment_result_provider.cc:359] OnModelExecuted: Default model executed successfully. Result: PredictionResult: timestamp: 13435578778886286 result 0: 0 for segment OPTIMIZATION_TARGET_SEGMENTATION_SHOPPING_USER
[16896:14528:1004/171258.885:VERBOSE1:components\segmentation_platform\internal\database\segment_info_database.cc:208] SaveSegmentResult: saving: PredictionResult: timestamp: 13435578778886286 result 0: 0 for segment id: OPTIMIZATION_TARGET_SEGMENTATION_SHOPPING_USER
[16896:14528:1004/171258.885:VERBOSE1:components\segmentation_platform\internal\database\cached_result_writer.cc:30] CachedResultWriter updating prefs with new result: PredictionResult: timestamp: 13435578778886286 result 0: 0 for segmentation key: shopping_user
[16896:14528:1004/171312.397:VERBOSE1:chrome\updater\ipc\update_service_proxy_mojo.cc:194] GetVersion
[16896:14528:1004/171312.397:VERBOSE1:chrome\updater\ipc\update_service_proxy_mojo.cc:446] EnsureConnecting
[16896:12248:1004/171312.572:ERROR:chrome\updater\ipc\update_service_dialer_win.cc:75] Failed to open named pipe server process 11116: 拒绝访问。 (0x5)
[16896:13608:1004/171314.634:ERROR:chrome\updater\ipc\update_service_dialer_win.cc:75] Failed to open named pipe server process 14456: 拒绝访问。 (0x5)
[16896:13608:1004/171314.634:VERBOSE1:chrome\updater\ipc\update_service_dialer_win.cc:134] Failed to connect to remote mojo service, is_internal_service: 0, scope: System
[16896:14528:1004/171314.635:VERBOSE1:chrome\updater\ipc\update_service_proxy_mojo.cc:395] OnConnected
[16896:14528:1004/171314.636:VERBOSE1:chrome\updater\ipc\update_service_proxy_mojo.cc:194] GetVersion
[16896:14528:1004/171314.637:VERBOSE1:chrome\updater\ipc\update_service_proxy_mojo.cc:446] EnsureConnecting
[16896:14528:1004/171315.185:VERBOSE1:extensions\browser\updater\extension_downloader.cc:749] Failed to fetch manifest 'https://clients2.google.com/service/update2/crx?os=win&arch=x64&prod=chromecrx&prodchannel=&prodversion=154.0.8037.93&lang=zh-CN&acceptformat=crx3,puff&x=id%3Dnmmhkkegccagdldgiimedpiccmgmieda%26v%3D0.0.0.0%26installedby%3Dother%26uc%26ping%3Dr%253D-1%2526e%253D1' response code:-1
[16896:14528:1004/171315.387:VERBOSE1:google_apis\gaia\gaia_auth_fetcher.cc:743] Got authentication error
[16896:14528:1004/171315.387:VERBOSE1:google_apis\gaia\gaia_auth_fetcher.cc:744] net_error: net::ERR_CONNECTION_TIMED_OUT
[16896:14528:1004/171315.388:VERBOSE1:google_apis\gaia\gaia_auth_fetcher.cc:745] response body: 
[16896:12248:1004/171316.694:ERROR:chrome\updater\ipc\update_service_dialer_win.cc:75] Failed to open named pipe server process 15008: 拒绝访问。 (0x5)
[16896:13608:1004/171318.771:ERROR:chrome\updater\ipc\update_service_dialer_win.cc:75] Failed to open named pipe server process 7356: 拒绝访问。 (0x5)
[16896:13608:1004/171318.771:VERBOSE1:chrome\updater\ipc\update_service_dialer_win.cc:134] Failed to connect to remote mojo service, is_internal_service: 0, scope: System
[16896:14528:1004/171318.771:VERBOSE1:chrome\updater\ipc\update_service_proxy_mojo.cc:395] OnConnected
[16896:14528:1004/171318.771:VERBOSE1:chrome\updater\ipc\update_service_proxy_mojo.cc:194] GetVersion
[16896:14528:1004/171318.771:VERBOSE1:chrome\updater\ipc\update_service_proxy_mojo.cc:446] EnsureConnecting
[16896:12248:1004/171318.828:ERROR:chrome\updater\ipc\update_service_dialer_win.cc:75] Failed to open named pipe server process 6976: 拒绝访问。 (0x5)
[16896:13608:1004/171320.896:ERROR:chrome\updater\ipc\update_service_dialer_win.cc:75] Failed to open named pipe server process 788: 拒绝访问。 (0x5)
[16896:13608:1004/171320.896:VERBOSE1:chrome\updater\ipc\update_service_dialer_win.cc:134] Failed to connect to remote mojo service, is_internal_service: 0, scope: System
[16896:14528:1004/171320.896:VERBOSE1:chrome\updater\ipc\update_service_proxy_mojo.cc:395] OnConnected
[16896:14528:1004/171320.896:VERBOSE1:chrome\browser\updater\browser_updater_client.cc:96] Detected updater version: invalid
[16896:14528:1004/171320.897:VERBOSE1:chrome\updater\ipc\update_service_proxy_mojo.cc:441] ~UpdateServiceProxyMojoImpl
[16896:13608:1004/171323.643:INFO:chrome\browser\extensions\extension_garbage_collector.cc:212] Garbage collection for extensions on file thread is complete.
[16896:14528:1004/171337.262:VERBOSE1:google_apis\gaia\gaia_auth_fetcher.cc:743] Got authentication error
[16896:14528:1004/171337.263:VERBOSE1:google_apis\gaia\gaia_auth_fetcher.cc:744] net_error: net::ERR_CONNECTION_TIMED_OUT
[16896:14528:1004/171337.263:VERBOSE1:google_apis\gaia\gaia_auth_fetcher.cc:745] response body: 
[16896:14528:1004/171338.122:VERBOSE1:extensions\browser\updater\extension_downloader.cc:749] Failed to fetch manifest 'https://clients2.google.com/service/update2/crx?os=win&arch=x64&prod=chromecrx&prodchannel=&prodversion=154.0.8037.93&lang=zh-CN&acceptformat=crx3,puff&x=id%3Dnmmhkkegccagdldgiimedpiccmgmieda%26v%3D0.0.0.0%26installedby%3Dother%26uc%26ping%3Dr%253D-1%2526e%253D1' response code:-1
[16896:14528:1004/171353.993:VERBOSE1:components\update_client\request_sender.cc:338] Request completed from url: https://update.googleapis.com/service/update2/json?cup2key=16:-hGi1G5btA9ccid0RHnH3ZnNIiIxE2SDkHJgjHhTnPc&cup2hreq=26388564762cb301e79500cfcc0298228dbafdbdc89c89a89e51ea4ea4de6298
[16896:14528:1004/171354.094:VERBOSE1:components\segmentation_platform\internal\execution\model_executor_impl.cc:191] Segmentation model input:  feature 0: 1 feature 1: 0 feature 2: 0 feature 3: 0 feature 4: 0 feature 5: 0 feature 6: 0 feature 7: 0 feature 8: 0 feature 9: 0 for segment OPTIMIZATION_TARGET_SEGMENTATION_DEVICE_SWITCHER
[16896:14528:1004/171354.094:VERBOSE1:components\segmentation_platform\internal\execution\model_executor_impl.cc:220] Segmentation model result:  output 0: 0 output 1: 0 output 2: 0 output 3: 0 output 4: 0 output 5: 0 output 6: 0 output 7: 1 for segment OPTIMIZATION_TARGET_SEGMENTATION_DEVICE_SWITCHER
[16896:14528:1004/171354.094:VERBOSE1:components\segmentation_platform\internal\execution\model_executor_impl.cc:278] Model: OPTIMIZATION_TARGET_SEGMENTATION_DEVICE_SWITCHER version: 1 execution status: 0, output size: 8
[16896:14528:1004/171354.094:VERBOSE1:components\segmentation_platform\internal\selection\segment_result_provider.cc:29] ComputeDiscreteMapping: segment=: result=0, rank=0
[16896:14528:1004/171354.095:VERBOSE1:components\segmentation_platform\internal\selection\segment_result_provider.cc:359] OnModelExecuted: Default model executed successfully. Result: PredictionResult: timestamp: 13435578834095207 result 0: 0 result 1: 0 result 2: 0 result 3: 0 result 4: 0 result 5: 0 result 6: 0 result 7: 1 for segment OPTIMIZATION_TARGET_SEGMENTATION_DEVICE_SWITCHER
[16896:14528:1004/171354.095:VERBOSE1:components\segmentation_platform\internal\selection\request_dispatcher.cc:147] Computed result for device_switcher: Status: Succeeded output 0: NotSynced
[16896:13492:1004/171358.342:VERBOSE1:components\update_client\background_downloader_win.cc:482] Starting BITS download for: http://dl.google.com/diffgen-puffin/gcmjkmgdlgnkkcocmoeiminaijmmjnii/93d241e87603e2aac20e9e6ab2a12f1dd352be0faabae7597f3872f3267db430
[16896:14528:1004/171401.061:VERBOSE1:google_apis\gaia\gaia_auth_fetcher.cc:743] Got authentication error
[16896:14528:1004/171401.062:VERBOSE1:google_apis\gaia\gaia_auth_fetcher.cc:744] net_error: net::ERR_CONNECTION_TIMED_OUT
[16896:14528:1004/171401.063:VERBOSE1:google_apis\gaia\gaia_auth_fetcher.cc:745] response body: 
[16896:14528:1004/171402.806:VERBOSE1:extensions\browser\updater\extension_downloader.cc:749] Failed to fetch manifest 'https://clients2.google.com/service/update2/crx?os=win&arch=x64&prod=chromecrx&prodchannel=&prodversion=154.0.8037.93&lang=zh-CN&acceptformat=crx3,puff&x=id%3Dnmmhkkegccagdldgiimedpiccmgmieda%26v%3D0.0.0.0%26installedby%3Dother%26uc%26ping%3Dr%253D-1%2526e%253D1' response code:-1
[16896:12248:1004/171410.408:VERBOSE1:components\update_client\unpacker.cc:88] Verifying component: C:\Users\LYJ\AppData\Local\Temp\HeadlessChrome1689621144687\component_crx_cache\34ce4871804d747cf5cdafaec2f4befe25ff7333137f72394b0ff5a4e60f6160
[16896:12248:1004/171410.411:VERBOSE1:components\update_client\unpacker.cc:123] Unpacking in: C:\Users\LYJ\AppData\Local\Temp\chrome_chrome_Unpacker_BeginUnzipping16896_1582751246
[16896:12248:1004/171410.441:VERBOSE1:components\component_updater\component_installer.cc:179] Install: version=9.72.0 current version=0.0.0.0
[16896:12248:1004/171410.441:VERBOSE1:components\component_updater\component_installer.cc:198] unpack_path=C:\Users\LYJ\AppData\Local\Temp\chrome_chrome_Unpacker_BeginUnzipping16896_1582751246 install_path=C:\Users\LYJ\AppData\Local\Temp\HeadlessChrome1689621144687\Subresource Filter\Unindexed Rules\9.72.0
[16896:14528:1004/171410.442:VERBOSE1:components\component_updater\component_installer.cc:623] Component ready, version 9.72.0 in C:\Users\LYJ\AppData\Local\Temp\HeadlessChrome1689621144687\Subresource Filter\Unindexed Rules\9.72.0
[16896:14528:1004/171410.619:VERBOSE1:components\update_client\request_sender.cc:338] Request completed from url: https://update.googleapis.com/service/update2/json
[16896:13492:1004/171427.083:VERBOSE1:components\update_client\background_downloader_win.cc:482] Starting BITS download for: http://dl.google.com/release2/chrome_component/adynptgjje7doxhzzmd3dc4etmna_754/lmelglejhemejginpboagddgdfbepgmp_754_all_ZZ_gixfdmlass4pafep5ydysnmkj4.crx3
[16896:14528:1004/171430.168:VERBOSE1:google_apis\gaia\gaia_auth_fetcher.cc:743] Got authentication error
[16896:14528:1004/171430.169:VERBOSE1:google_apis\gaia\gaia_auth_fetcher.cc:744] net_error: net::ERR_CONNECTION_TIMED_OUT
[16896:14528:1004/171430.169:VERBOSE1:google_apis\gaia\gaia_auth_fetcher.cc:745] response body: 
[16896:12248:1004/171431.098:VERBOSE1:components\update_client\unpacker.cc:88] Verifying component: C:\Users\LYJ\AppData\Local\Temp\HeadlessChrome1689621144687\component_crx_cache\04e7ba78353027e7b1b920152ecaf23279b999a8ef9ac8c79d2adb9c981af646
[16896:12248:1004/171431.104:VERBOSE1:components\update_client\unpacker.cc:123] Unpacking in: C:\Users\LYJ\AppData\Local\Temp\chrome_chrome_Unpacker_BeginUnzipping16896_224249278
[16896:12248:1004/171431.134:VERBOSE1:components\component_updater\component_installer.cc:179] Install: version=754 current version=0.0.0.0
[16896:12248:1004/171431.134:VERBOSE1:components\component_updater\component_installer.cc:198] unpack_path=C:\Users\LYJ\AppData\Local\Temp\chrome_chrome_Unpacker_BeginUnzipping16896_224249278 install_path=C:\Users\LYJ\AppData\Local\Temp\HeadlessChrome1689621144687\OptimizationHints\754
[16896:14528:1004/171431.135:VERBOSE1:components\component_updater\component_installer.cc:623] Component ready, version 754 in C:\Users\LYJ\AppData\Local\Temp\HeadlessChrome1689621144687\OptimizationHints\754
[16896:14528:1004/171431.318:VERBOSE1:components\update_client\request_sender.cc:338] Request completed from url: https://update.googleapis.com/service/update2/json
[16896:14528:1004/171431.814:VERBOSE1:extensions\browser\updater\extension_downloader.cc:749] Failed to fetch manifest 'https://clients2.google.com/service/update2/crx?os=win&arch=x64&prod=chromecrx&prodchannel=&prodversion=154.0.8037.93&lang=zh-CN&acceptformat=crx3,puff&x=id%3Dnmmhkkegccagdldgiimedpiccmgmieda%26v%3D0.0.0.0%26installedby%3Dother%26uc%26ping%3Dr%253D-1%2526e%253D1' response code:-1
[16896:13492:1004/171451.854:VERBOSE1:components\update_client\background_downloader_win.cc:482] Starting BITS download for: http://dl.google.com/release2/chrome_component/almxfnyg25yhugusmtq6atp444_2026.8.3.1/kiabhabjdbkjdpjbpigfodbdjmbglcoo_2026.08.03.01_all_adu3xhpyqeasuy6q6ntx4mq5k2va.crx3
[16896:12248:1004/171455.870:VERBOSE1:components\update_client\unpacker.cc:88] Verifying component: C:\Users\LYJ\AppData\Local\Temp\HeadlessChrome1689621144687\component_crx_cache\ae38058ef6659ce0b8058d3b8f7542f635910015fe40ccfc1e98d2464c383f32
[16896:12248:1004/171455.871:VERBOSE1:components\update_client\unpacker.cc:123] Unpacking in: C:\Users\LYJ\AppData\Local\Temp\chrome_chrome_Unpacker_BeginUnzipping16896_1087252874
[16896:12248:1004/171455.902:VERBOSE1:components\component_updater\component_installer.cc:179] Install: version=2026.8.3.1 current version=0.0.0.0
[16896:12248:1004/171455.902:VERBOSE1:components\component_updater\component_installer.cc:198] unpack_path=C:\Users\LYJ\AppData\Local\Temp\chrome_chrome_Unpacker_BeginUnzipping16896_1087252874 install_path=C:\Users\LYJ\AppData\Local\Temp\HeadlessChrome1689621144687\TrustTokenKeyCommitments\2026.8.3.1
[16896:14528:1004/171455.904:VERBOSE1:components\component_updater\component_installer.cc:623] Component ready, version 2026.8.3.1 in C:\Users\LYJ\AppData\Local\Temp\HeadlessChrome1689621144687\TrustTokenKeyCommitments\2026.8.3.1
[16896:14528:1004/171455.904:VERBOSE1:components\component_updater\installer_policies\trust_token_key_commitments_component_installer_policy.cc:111] Component ready, version 2026.8.3.1 in C:\Users\LYJ\AppData\Local\Temp\HeadlessChrome1689621144687\TrustTokenKeyCommitments\2026.8.3.1
[16896:13492:1004/171455.904:VERBOSE1:components\component_updater\installer_policies\trust_token_key_commitments_component_installer_policy.cc:48] Reading trust token key commitments from file: C:\Users\LYJ\AppData\Local\Temp\HeadlessChrome1689621144687\TrustTokenKeyCommitments\2026.8.3.1\keys.json
[16896:14528:1004/171456.127:VERBOSE1:components\update_client\request_sender.cc:338] Request completed from url: https://update.googleapis.com/service/update2/json
